1JNtNyzBSSXNUfBKt1jM7J3tdtkoiD,1
1JNcNdQHhji625ZpHtL9BBGzoQ1W8F,2
1CUoEu25BpBg9a5Dn6kk5j1jcMSxhD,3
1J5BdaxkkQZtpA37amd9seqU2How1D,4
1DuzhcdEN9b245T2QrjAxqGC2THREe,5
1BcdcKqs4G5wutChywCZVx3fuE5Xpo,6
1GYxUuezHmKrrEQd2wb8FM9QmZHU47,7
1HACZZk1n1Xeodogzw8MZ1AbyQc5vr,8
14GpM1F7HJkMCL3zXyFduEyQwnNJPM,9
14CytMiYdLL5RZRj3BFYXYz3tHL1Zj,10
1VMRc2gypPksTjYX89TV8mj9fqrjfQ,11
12XkCFGfPKQmcsK4YrJTLbA28ArSrs,12
1CVHbjVe1QBndqk2UhGkbg8bsqTkCo,13
16R8vKGVhjBe9o9ZKYCSBrWqVbychZ,14
193gHjPfoofyfvgqS2yG5ugdf91Vqv,15
12xY3Y4WhWTNsyhLpq4n1BGzD4NdkF,16
12djsHHvHGcS5xc7g7YCyAVukBD53w,17
1B6N7YD3YjVHnZBhTXymvtoxsH2cPi,18
1NUgxa5BQQM1mQEHT4VuPEhDyTUrpf,19
14hKimCPDvDfpyPzGbv16dn1oEYR8W,20
12iaidDrXHmPKktc8N9nSMK98K55RY,21
18EjBGjZa4MB86ffvGxy1qGNJmEzJF,22
13sGoEguPK7KgJQHHbgqroyTDshR15,23
16dnUdEhFpgoJRr23rhfLYhed8A5r7,24
1GPrQbCU1ZQFKdvRaU8SB1PiscbrYR,25
18LNjFCC84q9tPKW4xnKuesiVcjFWX,26
1LdDcprJHiiYWJkArbEZyojUq5BBjA,27
1F7w6VPGKbaCYh5WE7WNdgLjkXLotc,28
1JUF4GuNaAjc1y41JMuHSnVesAxC5z,29
1Ppk99wj1Hg7jfjujMz4JF13WEmiju,30
1XxKdHU1sunoXDWdXW9MxGdSESEc1s,31
1J4REQ8EdLzmu8aFETeaK6rBrdTmXp,32
17HSg4xERthUSKPqhVrstNBHWQG5Wi,33
1QENoiESZkjj2D42tqdddpvMTpsDpB,34
1Hw6SmpA7CXnwzsK6eVequgQ21UdaN,35
14dVGK8ygmmcCnu9j9sjXHLSiR7oBk,36
12562TxgwerqWeNynBhpMaM2EFYJco,37
1MKfQn8gNCDJriNQVyffxV37ecFmqb,38
1P3CcH5arcbQjwRgfZ5nhg5cN1uktf,39
1AyFnYNxAthWSjSzNqrAT2td1A427x,40
14ijDPMPGbhqDnKM4uJzsMckiPJtkK,41
1NjoZLrRzjUMQYhCtTyhnLE6wkvK3n,42
1622jwRtG6xftPaGnTbV6behj2twkD,43
16A6ZpGLM9BL6Ag6L5hh6RvRudUhjQ,44
1JooNQ73Q1tNYigYRzNdJuTtp9KnyY,45
1731L9yLEBV5EqFvLwf88vcyFxzfj2,46
178Ee2vJ35gZ5apSCWJqPmsC4ui93w,47
122mta71acFamokfBp1pw4CK33Li3H,48
1MPdiVDvWc4Wr3R7dKZcNHwcatmt4R,49
1B5gkdfkgGdk63NYKU4wefYMUxf7GS,50
18KgZmeZrsQw4CuGR5B4y2udkJ1zfs,51
1PFbjQHKvrDZhjb25yBCALRWjAuqYE,52
1CSWvzDZV1uU4bxn37pJXksk27gSXi,53
1FDfLTJFAGynPHChS2PDqnsFiZyUBR,54
18VjFtNHx8iP9ZRJsLyZJ9N9USo8rU,55
1BH2RquPTHh22h2be6ryQ1HbaXrGAo,56
12UPiufCwoo2BYCXMS1kz7KvUZQrkp,57
1J4ZMqcdy9BgE9NPrGS5XhHsT3rjsa,58
1CBrjRR697MhZzLTRp9yeR1NB9z3kd,59
1M92KEvC1wruj9JgLB2CNSMzyVT8Y7,60
15p41fPvvgomy17MyZ128YcPStEzXc,61
1AQsQwdF4AsiAoVXecqBKVkQRVjzkV,62
1Haz9J2wCot18eqG5D6zFnNM5EENF1,63
1D3GMso7WDdgM6iv2waKR32xmPwMke,64
12pFsovmrvLTgnMDPZxcZFyShPUdVT,65
1SJZDX5kN47kSgRY32P6PV2gmtn5re,66
16bbCfvrTayi5qyeGkoAi4Cg8JdbUs,67
19xNvEY9nTa1e53hkByw41EP1Lb1KP,68
1AfA4XrGH9QF7tNKharRkA5zmmbbKY,69
1MBAGBcEAf6EvHnuyA3q73P5gxzmku,70
1H8ysU925NgJX8y4tvyaLKHHWHnRCZ,71
16arn7dWrqSwuz7Jpf7kPoa7jPzuSU,72
1ACPzPLgvrNFjAJgfHSn6LPi8Wogj8,73
1Naa32dYp9dL5Dzsh1CYiEtauRsGNp,74
1BLmtiHjorTgkjgR1LhFYR2osz6sDa,75
1CZX699bPz8dcCoN6g3CgjbBeC6MwY,76
1AysKKZEApvkxhhJdxaEaTgXg9vsiq,77
1FBwfb3twpR5QT6uRTnJ76E43Yfhqi,78
1GRAp47hpbubcrJwLxBEqe9GB2w4r5,79
131TwNJecWEaoZTB6rhSaN32YQjRWC,80
1K43TagCY8en3oMrhUBCfoyr6EMkVb,81
1BZCDEKmoAHFGwaKEQvW4J5GvWy75L,82
14VvdxaGDv72kYNc54xHaxdDrqSCp4,83
1AuzC96vXoCJZa86KwRY8ecqsRg7AX,84
14bw8sDFCGkwAsRspmkBBR1HHffHK3,85
1LQHGC1YwsBnkDuRGvqd9h7MbeBGQ3,86
1Q2NmhhVraHg9EfSHXzn1vUffpJBdv,87
1KyWPkK7Mwy6vRQfW8dLyFanrHa8YR,88
19KSh3hU4VQRo8TFWX6BPuHR68uxhD,89
12NvrKRLJpvpb6UTNUvGEemh34rR9Q,90
1CY9kwR2FAmbWRLu63D7SHhnSy7J7Q,91
1BTD2ARknFiYh33Z1BjtLvX1au9Gk1,92
12UgHuzWj9i1ZNZZTR4adRr6cj6UcQ,93
12QMccDbze8KXwSdWRxjz4sy6dcTiG,94
19UAfM2oQo1ha8SomLJFep7KTsGxXH,95
1BDX52PRUKDnk6BhBXvQbbKm74LGRW,96
1FYrM6ZLU5ZpqdLUTR6UPkPfZAuiPh,97
1EcQ48x1sxA7W8RNKN3bGSLRGR6cTG,98
1Cfae63Z2McLKweCyewX29vp9zkvWe,99
16P9qHVUPwRGHQFZjbU3MsX4QZGYFe,100
15jqRqsfbmvJzJEYGVfqiuira33oY5,101
1E9mnnA1s2CdfEA4XkwovLuggeSqiA,102
17rVGVAHS1fa1PqXFuNzBPA58zQNPb,103
1PRs29hkDenVWUVYvSWTSAA4KUaAT9,104
17b1dJQ8pFZjR9hnCYksWBH3iFT8Ka,105
1Ap4J1SRoGYfgCCNJK72YRvgdVUANk,106
1369v48A3ZEerKmk8MF5P7WRW7LMXM,107
1399tLUAQAqgavGQJBEeHosgmEMTuY,108
17XW1vY1NLwMHMk11LYzkwKfDupUhY,109
1J1dgYvHYpTSzwc2tW4kx511EPZPf5,110
1Dd5v88G8wuetMkANVqAtCecyqvrb4,111
1JLiFwbTtCRoiGMxHF36kUEVaLQQn9,112
1PAzNaERy2kgfEHDdmXQAePpXaZhp3,113
1G74fHaN55JdmBK2bq7mkdoranFJyP,114
13de6GEWvstNnxLPZbcqBqUgZNGBQv,115
16hrzZAtZmmXJhr4Af2s3F8596b8Cy,116
1DVUanTB7vcaGyiwLoXfCBQzpvMh2n,117
19hyn1Fn5jYy6mrPoehiwXaT6a2gSp,118
1EcGvQxKWQUQyBoMQaXQzHkB8LM6Zw,119
1C1etRFbUbU1r2WjW6pNYVraLr8apD,120
1C2nJhoQ32VHQVjD8rXDUEp1WNX1fB,121
1ftz6ZKC6t2EWVaBXbr54UqALL1L8G,122
1Mjw8Gw4m9MmGBHbdnrmNxAv2PjejJ,123
149q6fRkBqFDDoHZrX2Vcq8eovtumH,124
1AjbrFTeZfbTZFnRB3rYqWX5J4ED1z,125
1LKoCruRmjtywAsaPkydRnrGjqM5nm,126
19yRjk5jcZcwXifqEvW69osP1hiDyJ,127
1JghZhMNbzrBCq5g5S43nNSZM7R7EJ,128
12YL6WcF5FxexhRLYFxDBcYWHJw15T,129
1Mwx3iKkDoABQrCeTRbStxkPT1qxtV,130
19MgC6fg2A5yCZkYB1gsoP7h1smfKJ,131
1NyCNpQET4WuCcWpDMWz2uyo7dURtg,132
1MqQiUsr6aC4zh3AjDn8ywdzBQkTEi,133
1EvBR1bmCAjrspgzkxKoivtgbX6YQR,134
15AERdUkiKzUyALTcuEfgKj1TdJPdu,135
181xxEx42DGQ3GTmNo2kfj7wW67hPw,136
169z38GbavC6uyaaBPTubW3kqGuEAF,137
1EfKA5x9KUeU7FYpQQnyr6yN627GyB,138
1BY5GWM7yJYosr5TMpDwSYDzC3NY3K,139
13vP8KHVSkZjkgvZNd3SPrFs3o1GFo,140
13dS8XfnbQn2WYyW7xaLAhs58Modmg,141
1BdP7opJUaxWs1jhvDC8VzRE2a1P8W,142
1GwSdxjHbce7zNrTpVmCuDMa9TRX33,143
178nT3vW2hwrxetNYsKorDDEKnSGAg,144
18xfBQW16X6c6uqc2mhB1FFy1vwsAm,145
14NTWvR8mhJS31rWkhq2JzwKNdHKEZ,146
18jHTWnmYFzh3wwtCyHmmXnFmggeqz,147
1DQ2WngTmRJkiXmFsDruXmxdaPPhK2,148
1JdT9MQTPsebXyTPJ4x16v9o2aYHbS,149
1Kju7QCXkcE4HKbBxDd4CQx153TrTY,150
16WuySXq4VA7S3rVJgUoJHkeZQsGXt,151
1LeGKaHeko5txCcCt7QcktJActMq5h,152
13nATJLJ8uaVAn77Z4JZHB5RRPAaXw,153
1L1YUgoTMcxVN29nFQVDeQCfxAZmSq,154
1D3uVWV7xzUs1Xnwgv99BUxePtvV4A,155
129MgM7MYYjd1y59xKPEAmjSiaKwXq,156
1NGNtsGD6rzGDRNVsAgWHTN5QpzrDs,157
1PocHmnwkhntHm2yQ9SSLKgizSsFm2,158
1FaMnojK7j9ad1GDJTWDCB2MPyuRxk,159
1DqE71wbKuUsgqh5M8kYGnQ3ThCrvZ,160
1PJ8whaEVaSvNxHyh8Nu4xsM7TgY1h,161
1NSrkoVNXVtUWdpjKxmg6EhVcTp8w8,162
1McUfZkdK29YMJLibwvNGuWU2RFRW6,163
1EUESeQvQo9Yquwa3C9qdWSZfhFsGQ,164
19wUawJWebYpoedGWwZMK3KaDZatat,165
1HJXtPxaNqxMYUeF22SzDx6uME7hHy,166
1GKCY4ig5J6Ayjwxg6vvsJC3nAvDiZ,167
18JDRDTtcHrYCqQyhfx3cHJ1dLQnzA,168
1MKZ6GD3LcQP7WQ18eBz17fLeMb14m,169
1wtXQLeQCaZ5XT7eH9DsmqGkJUy1CH,170
1Bv6KznmYMDu1e521B66gkitHEUmjw,171
1KVxk5W7PzU5fTq6eFvJSg862niFMH,172
1CCZ8pvUuCZ2WYW8ymKBvgTtMZ5kNe,173
1Ccs4LaaefLDcdcGkqAX2xjhDztWuc,174
1EVyDFRkKjLRdoi1jy14mcMcPYGHU1,175
1ByqT5srj3WVrZVLQi8XAkTqU4VH8s,176
1Gh6UHdfXQpsNHfb6fHADB2T17bgi4,177
1JEYYpnXSTH7MQgu7wRAoSX3LwrZQM,178
1McnhnePMFWtnuSqFVQxHKnbLSKViE,179
1MPShXWNWKz48dpJwRAWj7vJfYqmkf,180
1BhLDf7NUCwh3YmC7ohm4weyVy8Xxo,181
1NXhdJLJLiLQZRuvxdCBuGJNpYYhpJ,182
1Q8osbww4StHaMbGwQ1eeXECFxBRgX,183
1F2fSpmeCuwBPWjkTHP3E7fwHMmKsj,184
1CQgPx91nuV1qLHtLPvf5rhRf3diye,185
1NxVbaCkragNkwLtx6jnqvZKy1gPYS,186
1CkhVveBSfhcAMVB7f4XH5jRWzRgXb,187
17TyJEw2sHyLTSHhunNNohJNoUDz1D,188
1GkfDhor8EuC4hBdSP21pf7tNZ3YKh,189
1DnhAvbtpFHXMLHR2pbrEZRnGHcFLj,190
16wnesmH7Kqj78afmtzq897WG6eBUU,191
1NHW33WHzx6h5M8nVpw1PTSSySicgg,192
1N8HdtJA78VWzJujSsyF1wZsLZY85n,193
129UZZacabFgJJXPzaKhYAKTe66Lmj,194
1GC9XmBynJQyRY51iUKDMoLiDtCymc,195
1Nef7MMjfnQu3TNzahHJsPnZK1ZPdP,196
1Dh3GXw3X4S2nGXCFnyr8hMY3LG6EH,197
16qSScR9oatz947uBTCaXtnVPvsasJ,198
1MrtjEFkNJzQk4mzhF5Mj2aXFVQCUa,199
13gU6FNbi3RWz48hCy2QdofwRUwWXe,200
1BGY6oWtC367Hajws17NnPjGhRnNd1,201
1MJPZfzSwvGnMmr16Av9C2fgoW3zVr,202
15P4tEMB1swL2tvKZuBvW7F1r661YQ,203
13kxFeKTzm4V8nDR9RzZZzdFhRiQwU,204
123UrQAkwufeGnje9Z3n9YEwj54DTh,205
1KxvKcdCNd7hsfKMnyrS8pEYHhLhBJ,206
1LfkHQbVGFYHN9dbmXCoPUS9UnJjcy,207
148HKVqNzhmZw99bDGfujXGww2VaR4,208
1N6cMa8K741H5hmDcSYqM4oTeKiK3Q,209
1MDbdCV8aMMMmucURjBSEBWN4qM6pL,210
1UWJZM6S97EU5X5nNdUzbbGXCTJULq,211
1DK1iHUGa1Gffs7DCfHYxRPgg2bWeq,212
1LT4q2fcmYdmN6vGMfThjX8chcXiG7,213
1jHdJTrmuqDZNYYHLRXmMBejj94jqV,214
139g7Hgw7UcP72HD6sFeHkqPdb45f9,215
15F4T4PGZKvKzdbJJWpJu6No5RWC92,216
124Py4UtMzkDYnzjL1aRsixdXRe65r,217
17mQSefuL2MftKETu1rYDAezonpWMW,218
1G91fq2wXSmVQzPBfLK7cs67vAiRrj,219
1MowNcnKkgtCKqeDi6unQMZEmRq3t6,220
1G2YV812N8HNpvFr67uq6brsqPdCVU,221
1LmeN5SK1vCCAdocXCZdCkUfzzs1eS,222
1MJE3pVj81istA31uNeh2q87KWhSkK,223
1FGLNAFU3uP9t3dsxmotDaVF3fa4UE,224
1LCee5f6tZ3qm9tM1ke5SdiJk1B8sf,225
1ARiQb1At1nsDmzDuKsdHW1H8CortD,226
13uY385o1pRBgDxET7t6e4gtJno5Wd,227
1NjzPSMQ6bfuMsvxcdf2X3Qt8wAbte,228
12KFgfnyXu71exQTTJenhfDZyUTA7y,229
1MHrf6wcRAftD4sSmLevBG6dNMGjeQ,230
1LGB7K31L8K5WsxXcdEYryTPBdToTT,231
1Lg8ffAEQDEmHzd8q9FxHKzHqNdcTN,232
1BwDLTabzXsfHbYU2eG3mcrS2qLBQ4,233
1ExKnUESkwN95LVvqVfRMBaky2FWs5,234
1J4v5gLQUWVfLToezHuZkzimtkmcQ6,235
1FKX2tjFNJHV8aqx5BmsjaDia95spV,236
12Tnr8AQuP4Bnjndkvq2U8uC3SHhLi,237
16T7up3HBKKsx8kLdevoMz23XAnpo9,238
1AZQDNMwvkYN2sr6S7LzJ4ztZCt6eD,239
17i6Xi4tHYtWB5gStJqfpk7kFdQhgE,240
1MbgEKQToWVLatGo1P23vwotkf5AMb,241
1Jgu5xLQh5TNAdEpja6PutaFQZn4uB,242
19ASfUzwxnQR5haTMY6nxXLk2EeEYK,243
1Q9XBRzsfLLNKCNcfDtaT1dK4QyjY5,244
1S2D74o6azSmVtFB3aeJkDMrackGd6,245
1Jt6hJCFb4xugXtCygwWeKY6SSYNmS,246
1D7YWb4WNDvXehKj6agDQAasVf5haf,247
1HUM8x9sgHpKSvVpxP6uH21APbq2JJ,248
1KAbjTAkNeyQ69jHcCBABb8gYJ2bVn,249
1KaeRQ4Yc3cyLVRaiW7pFUV3LDWAWg,250
1MHicPWRX4m8vZeJauEGrh9eTjuHu6,251
1MFDf2QPXhmNp9sDN9h3ygySfxr3Uv,252
1GUZbpWAG9jH13BjwzhMnNsuDmTp3n,253
1ETJcfdpC2PFrjX9GmRaZTpBQH2nhw,254
1KVUA8QPJeWbBW6sWYkiTJfvSixq49,255
17bF6mdp8amedxN4HEFGQ3YuvpxHXk,256
1KUHpAp4jaTHZvnX8yKhWBtmRLsbfh,257
14WRx5VsDBVDxXZVSZNZ8ieqjLvCrf,258
1QDSHX1pTSLLfskdzC6bvhm48cZDZh,259
1PUngRHXc1iCeR8RK4cXmjE5v8QSLv,260
19oreNr9SJwhS5EAdDPUm7ecwkVkBD,261
1N7RnAqJt7hQ9VgNymX7AmuJDsp7ZJ,262
1KVHfS1zavydHSrksybBApCdFSz4md,263
1GUnMnkPE3GrLEeuLsygMnucwp99PC,264
17KBmZU5sp8mLhtTnGCkCdgJapNTYb,265
16XAxLDhejbnTfFqg5J1dyMZUvCojY,266
1AWg3RtLnCUehpJ7Pn4DWEAm3iqYmq,267
18DywaqZCs6WF36o5zdb7f5CXeft69,268
1Hkn6oYrUuiB8iUvJCst7Hrm91sGzE,269
1KzTzuvdMoaPiLiRPXyRFifkCkY8hg,270
1G3r4S4SRdsvSopRSQKQNDsRAxUJXC,271
1G3CJm1hGLpRwsbhwG66Zyc1dJUUaj,272
1BXTMuq4NPUcEFrLu3WBMbyidjDbY1,273
13YvfMxvc7GWsfU8gaKviRu7hRGc6X,274
1NSv5kJHeiEQB7DoM1FCTtAYtMB27A,275
1JzBbYHxzpUF8oy14mJaQF4P5naj4T,276
1FNQsyjUGM9RgsFpXfoBeB9jtCe8TZ,277
1HaEyRod7HRxmeeZTyxQhcEqPNnVza,278
1AXgXRnrA6xdQvDQf7f5KPpaJD45zF,279
1PCmZrvuBkD9RrUf8zrDv8qEH4J4hU,280
16iAjGZuyTgrGXLw1kww8ZHFbthw3C,281
1LMjq9QT4ivAGYiRZV386LzJM4yyoe,282
1Kn6tJ3bk46rcjdQgUTHMopxWStN85,283
1FG6RuyQJWk1zGuq4SRad975DDVqYN,284
1NXJLoH1z2885qWxzadR3MTpC8GQFv,285
1MdEA3ur9ErWsVwqTMySMansXtYotf,286
1PdLRoCJtnK3sHwdjABF5gfxZHnTW7,287
1PQcdcikrdW6C1A2FfCvqau6mEtrmm,288
1BEFb97JUrm7oCJjmhK65gwahaNJjr,289
13o8FLLWn1U6hAG1MqXVaY9ZSYc2Fh,290
12VrZxTgkbMpHoodbBjj8DsnWSJR1W,291
1QE9ab4HnGd6E5avwVMTJVSGub57hx,292
1SfGoxoRd9ReRFsqKjdVxZWwuvJi8Y,293
12tL6sEJu5B1JHLVXMA84LutN3dHsg,294
17QzcT6sujHjHAn2mhmShDrGsXFZUq,295
1FiYGiZxvjqL5HU9g65e3wdiqA5uBP,296
13z6GLf6YD1QUdUKvrSZEctCR6WLSu,297
12b6cv7h1Ecxjx6qJk2okXf7adWL1F,298
15Vy7aG4XLoicCJJDx4YYNWqrJqmv3,299
1NfmExtPerizsBLUbWDLyVfykpLYcy,300
16WkvgbZK3XJ8C49qacY6f4369Z3Xp,301
1NuJgNBi4Pyyj5j6f6WuaJ8TGwkqDi,302
1Jbiqs7x5B5ssL8bxfJMiiQRLjz1XN,303
1M2hg6zuh6D5vi6Q9m2zQBgHADJqj8,304
1CSvnphavwyyBKnho43vY4kEwNQLM1,305
1pKCXM5btdur9Ck5DzcsioPLWpLVpM,306
1LPCnaV23VqNJqeAsAB5sfgU2BA1Kr,307
1N4DmB3afYJFEzc2T56oSPD72RHFiA,308
1MaSjMEBLNjq8XRSXdsRHoZXZb8zad,309
18tqwvK7aHjqs2tT6H8vjmvUhDnbBV,310
1LFbebhFfViUyfYQR3o4u8JKw8St6r,311
1K7R74oUGacnW1VLYkRVQbQB9rkVe9,312
1G7zYrsPNajdCwgiqg6eyYMvt4CPBq,313
1Jt1GDdqHFYbH9SwZki3tpgqcdmuhe,314
1FPSop5eTKdW7WnWRsvfaXDjKDxDKk,315
1BCN7FFZtPaTehsCySFmZdgGJFeLpi,316
1JmNx8Q48rL6QKanQyGpMCMAUmVCAC,317
1KcHv32SxfHRQAwUfytommSX8F5mBd,318
1Mis21AbYiEGvyitmqvnVACRrZEW7n,319
1HBzrNyCirgDfaqdKGhJQFfMViuVBi,320
18qQvQ6Ws3wYLns9djPmSmHr42efA7,321
1DujGyndnsjtLCuDabTZXHSySrPif1,322
1HXXo9rjTMLS2UZfyAMHpH2peJvbrX,323
1Amvndm5Ju428fj12tze3PCofWC8Ua,324
13DYDhmRRj5ht1TCyH5j3rFwtSMm8R,325
1DeSutKupaNWdyUeC7L65uLLNzUrrr,326
17ThmGTA8C1Jn3NFp1JMqaiscPyKLs,327
1Mwr8X1PZMDUG3FuBqUL9ytpf87nbw,328
18PGEc61sgszz6UHn6VwmHbuBi4qLG,329
1PJ6ndteXyV38ZduUbKV37syMD2yLd,330
13irZfe56sMiRPXPyJi87PtcDc9fXZ,331
1BkvgvGopm3DHwoNC5jRAMZf8eBJuK,332
1N7ygibDkQBA24QbCPtvzSCFMFZixH,333
1BCX2QMM6XZAnBhaN662xUE7cHudfg,334
1DFKbserDJvdncCQAcuNXrtMR36aGL,335
1EqidZU5Hh9QV8AsGnc1BWi76Maf17,336
1FfSwJ6R8t2qQej5LVHGhJYh8Zz4cj,337
1GmFJjBhJRTwpXHZpavhm3FjAGQ8V7,338
12CBAXS14tyaknUSL5ShcK34P9Jne2,339
16J1zvtd5yZibvycrK9gAUfL3jsmua,340
12MjmYkMv8UpoZDQaotTh66ihfVTjJ,341
19MY9o8vWnXWgzVU23TBXN5CVMdkMv,342
14TkyrcddsETJNWSuAADBrvaY5GkwN,343
1AShH6UDu9fsmJqviqzybC6qFcapCe,344
1YeZqjEx6DQTGepCmk1jTdk1ApvNti,345
1NVzrjtMJftAieAq3CXdzDbN4YVhTf,346
1Giq8bnPK49heVorV8s8pKuNja71VM,347
1prXBPiu6QJyYWThuUJmNSyAqud99V,348
1CCuDNeZrLsTc9Y9aSpzSYiP9KJ1KB,349
16WznVuizwwJri4bkuy5RH8SyNNwy6,350
1GvJFP4CtEKJDLeFau1jLkWVkRTzTQ,351
14bsi7HJ4b7WL9nxh9jqe9QKFLdqLX,352
1KvUsZva8hfszPm688Jw4quksT3GGR,353
1K4E2LMCAiuMHhD1BBbxy9r8YfkbFx,354
18AV41u6UJXdXkycgiG9vJuMoNL2S1,355
172z9EmEJLfvHjUWHFp2jRrt7hXdLB,356
16PKyFnZfqWuFNda54ZYoR3jhS21To,357
17JXznjk6YacdQZ8PiaEscKqdZRJRS,358
1CohNPKztz8iJyjkXmr8uWbjx5nmRW,359
17JNSPM9E1fZuHw1EEGjUqr3fK2jRr,360
1BcWS9bFFfjX2AupZ5pWPrPhXr2vLj,361
1HxKWLaYgAcwwhuZgrGzWT6hkcvNDz,362
19DWqHFUneN5nnMKL8vo67cn8gzi3v,363
14Xg7ASs6niFvAv7KXNAyz1583MGLG,364
17WvZMwWR2Tqa2BxvwAEw8eBi3o3U6,365
17k45g5NPGaJKaS7GeR2DrpH8HuN5G,366
1E1eLJ7unv2oag6Ls6ex5ZwZWHTVjf,367
1Zf2FwYCJPgXgMyJK7zBFJ9yGQqjWU,368
179dq85ai79VFLGMAjaCgqjz8yu1AA,369
19tK26N687mDS2vjJh8iDDVoayKyY4,370
1P5UPXpdzuejtPqe2dZ7zDF2X746AB,371
153KNtRsnLJnrWy4Nv4MKujpy5TcS7,372
1GXA3Ze6Fgdve5NUjyXG3WWU3EespB,373
16K371YGsxEwKomUpxTBu9GQKZsBkS,374
16FcfgDHqrag5hZtLqqSpC2N8ucjKx,375
1CXCFNkaPghqzfuzZC71RJSENXXmnp,376
1CtQfoyEXhnwuQDVMNa8ETdvfHbHhT,377
1GzV19crUA3c6pkJ9BEMCbQmvcohTi,378
13R35NnBGtD7Wy7wwjztvHmekx9jhC,379
1F6A5UoHC1RVrwzvyc1kAmeQK6ojDY,380
14kPUHD5ZnL2xgMKbGj5q731JUhXfa,381
1CrDHzYeRwsYafQ3pBdLaixdDVCg2g,382
1NCr5ScLCLqA16p1wHhBJ8nob4GwBo,383
1EmEJSnKBqE4vdfzALfy4JKv1axytz,384
1HVfdzcdRsz5pVEJmrviMG8iXsMiTN,385
1ArHq2UXaoEzKRVVtwi3NNcm1msNwS,386
13Gu5oqyTpp84CzeyoAkEFgEt4Cz8o,387
1E2x6p5L34V2jmsDwtx9daQDwGnh1L,388
176oBWwvAsB6SKJZTncd8LFmctPMKN,389
1Krbq7BigKEYPjNF6fp7oToc9LqGrW,390
1QFkNWkzdzFY8zXfR1f811NKfdwgT7,391
1CCC9GPPsWqEDtKVFskavGtRpqbsy5,392
1MGTDhxsTBGhLmww6PZZfkGFpMZRXt,393
1GFe4s5bntqPchth5Vj76JaSHT8kkw,394
13hCRwfFRcYRxZWJjpGZHwnMFeo5N5,395
1HhwQWZRFsAhq321FMeUhJhRovmjrQ,396
18du8zDaMmKXx5S5qPtfT4XcRd9UhS,397
15XdSsYcgAHzFdn4KSSaLhAmrozZPk,398
1PVVjxwr5YCywuvoa3jJSFKsjguJeC,399
1BuhYhDVfUyrQZTLJRp7PV5ihZ7EC7,400
13tXs5kN1rXdPuTicH1621E1qxMyKW,401
1ExphyAXHvh5pfvGM7jrVASMEFKo24,402
1NQxn5ZbgTHf9kxgePSmQET6EJMhzE,403
1DtHKc25x1cmcSf2Z7KFqkQMuEZkjS,404
1hYxpyPfkQJmgoUS1aKJ4dVJ9nKsDM,405
1B6utAJMqr9RkGUFGysRmTVL3s5Fju,406
1NYyXVKete5V9yaYat1SwaWPvrKrti,407
1LF9JAU3cVzmyBpuLngWBdrmbmsFYk,408
1AptsHVGT46uamW4BU7DEJfwgEQBbF,409
1EdimfwXTzCKzHUWYTqD5qSkNM878K,410
1Np9DTmUyKhSiVUF9HrfNTuW1YNMPH,411
1HkSvqBqnFQoUs8EvnAP1aoh81Nrzp,412
13aHTUsKQ5j6Yz8RXjbnpCT4GSK1W9,413
12a5BYUFU9rGxyRjZpxnKNnpBwuc1e,414
13P32sxUxPUaZBw7Pht3jXBuwzsTWY,415
1LyhoLgP51syG1vAE8PLEZjruDG4Ya,416
1PojfsCxQa8xtUxju9KM9gSUjh66VT,417
1DtG3UXTTcRdMHSnBuZap22Faptauh,418
137GVdAvjDVM3RaaMUVkycfjaH8ojM,419
1BrGRnPVgsZrpoUrg7Xa7L2sUuRWNR,420
16d8xirVTiwkNihHUqgEz5dtMdP1Vi,421
1KmgQwWceA8nqAUxB282kHy1KZXQz2,422
19ZLakoXQLNGbbwB8WAkPBV8tMJ8x2,423
1AJDydYd5zL3VZLdTcvExNB2xaZJn6,424
17uATAau8MJBGmQ7Di2Q4uPvAbAcnM,425
12BGfAUWpbm52fyQQxxb5psVD1iNTD,426
14kU2j3J6K6Ncr697XSWFFHXDBRZcS,427
1G8FjH9Bem6FDpawbVfvLwx4qxx6wb,428
17fvpAsgDUASTX4RmgR8ZLUBrqS58F,429
1D1x6JA5V7W1aNW6sDBTB4dRfFmDdY,430
1GfSitb2tYHHDiSHXoTJUe2YR2kh5f,431
1AM3Jg8ffbuKWPbG4QCXLsUySvbJc7,432
1FrnVittF1tHAL3MvG4FpxQh32pEHH,433
1K2qtkbJRwXM6E1z2WZFrj1vDRgPvf,434
12kuJDPxdnrT1Nf6DEunWxF9XKS964,435
1MGt3XH7aYJuxS434enw6s7EAguc5u,436
1FoDMVFj3XBY3JL126tXSZLrrKE9Kd,437
1Bv9bCurETNAJPUpPLA4kZVUvWcy4Z,438
1PqEPHWpuqFZWVudRoXt2ipaMrwz3G,439
15sMu1WTz9M5mNDiCoDLNixuuHDKoZ,440
1EU9FqZkazPqyZzi319WZcP2JxWFk9,441
1JV3bqk6PAEJvDygYdaadbi95Tgdsu,442
1LWFjxX6a1Jt3HHyvtCkQnAskLtoZG,443
12pemAPBAjLV1rDsTarmphYxbZFR8T,444
1EBGJmh7PYpqHtruDaJ1q2zZbE1LYP,445
1EHrz4dyVf5SsaiBf86wP8aHcn6ZpH,446
1BUQp4QUd6mgRnwe4J1w4FoeDXRcM9,447
1Npgx48HnTMru683KDoKwh3FA22FwH,448
1A7raPN5kx4cshfmSXsLxcLivEvmRC,449
1J5puCK2vvGFzBt3cqeS3UTuojkDNe,450
1BZdoippHh5z4M8ogGpfSwdp7nQayM,451
1FcfUT7xoyMJwnrMMmqQQHM55rC3gP,452
16bvyRY63cq1n7bKECPPLnukhSgPXm,453
1DgRhNG2BrCRcF9BxaniixCkmw3xwq,454
15BpDwjZBPTwNKtpBLRjp7jaTH5pRW,455
18ekcYsiinE7rmb5iZoRHGfV48zaT8,456
14wcZRfnPbDWRgNBaRJKLyN1obm5bk,457
19Hx26y6fvLcG5RGst98V4HxSr7hbL,458
17DkbnQWUu5K3CSt95qZjz2K9xwFqq,459
1HD9FYH2abvUqjjwojuc7pbFVqsWUJ,460
195Z52HZigpXdGSam8aZhwN1UKnYu4,461
1KhRHaUALdSzx5xLwqmAxxNNhQnuNA,462
1H5PU2RFwHcqrFeq6n9unZtGmWAAVX,463
1Aq4wJkYn5L68nGJgmyfm537kviEYm,464
17g46jSD2sWbTSeuWZSrsFHDgVA2Ly,465
19MzQgCF9NnQATLEKNyNx9QdB1qDTj,466
16sGkpfNcoQvZ4W6f5b1vec91mBf22,467
16xznEC8TEEnNsyJaBtYqXqEPXqWqU,468
14hNyjAbk7zapWuXt8py2Rm9s8eVzH,469
1DAET8w94Kym2kdnfaeok2QxsE3cDd,470
1MesugMV3seTaVVgwJHUWhQ4V8JsyP,471
14nqawNSUru4g6wEnL9y8uZxZcnP51,472
1F4umv6d3YEFNnQEafoqUm2ih2c9mG,473
1AWHNZFgnLrNv1pVNKrZ5DL8WyjrC9,474
1MqfC6PjEV9mJ4CFXeAGXghLuGtmNe,475
1NFfJy5PevisCgaExrvdgS2G1ku8NE,476
14tLrmNzGkXiR5Wbe1BuMNoWsC9uny,477
17LsrQatkXH2KcMi5VW6WQgjGQi6La,478
14veG8LmYNbDKmCxfH769xXuH9gDAz,479
15dCCDcNNwMi7JJXiAPSX1RWo2xYQ7,480
1Jjt4ShwZTobxinhaJ5GDGZmi9EHbD,481
1GB1Q78fguyekd8SKLNQX9q2h1uExE,482
1HSzFobZkqhmSMVWSphzV69GxUGtxh,483
14iqLQAmYHiNRvXtfxnwAxcssS5A5R,484
1FrmDAb7hx4CKteS2RWtKPV46t1ZXk,485
1EgP9qexH7HwpERqz3JXRwM6BmwSvP,486
1KLiypmKGTRkVHLZxu4xaeTUyCAKsT,487
1CTrq1H64JYjoaQkRtXZFHfJJi6Kn5,488
1HoWnAxRu9zWvJ52qriv428gvM1zgW,489
1FVn5FsxBSmzj5ZkhRmq2nWwCKh9gU,490
1JpyKAWiMPLwevDtZFgMoK3pDNzfyh,491
18PSfURNQbZLioWwKFWZg7MorxtRue,492
1E5mjpt6BvVyMxpvibf2gQABcA5VeT,493
13sQUFw7HNpsTF3rgxmmFzKBZYS3X3,494
1PsdV9WwhZcW9m45mnhb8StNHQQGxb,495
1AE5NdgCxmbuoAKuZRhaR7UKTGeYrp,496
1Kss7TzyaL8TsmiBrGixq72VBDCp6c,497
1D8vpnznmnrw1s1QJfjHknE67mYjPa,498
1MYA7PnYTphi5YPJDkfAjchkE54gwB,499
191dSthZhEa6cbMAUTMC7rjeDJGucv,500
1E6Cibti6JbP83oHcZJuzxV62CJCSm,501
1NbY4NVmEorvnhYVghLFGtHYu9Cc1x,502
17SppxvA3ibNLPADGJ414MyNF61KdW,503
1NiwRNrVhSYk28eS3gxZfsNCpkn9yK,504
15cSaqJEGzaay6rv73G8cf65o9vLSh,505
1MWWmupdk8b6fgw1aCoKeCBK9rBuET,506
1Cd1BYdM8g1fM6pUTCxdSBnBh8Npnb,507
18pEw9zQARRDw9DpcUgn8zE3bWDgFu,508
1FsHxqVoUguLw6pY3yWjqVV6rLEKFY,509
1G491hxxcsQgWUVtq2evSQS4HLorWw,510
1A6ymkWF5FvRAv1MgDfT9mq1yYaQsf,511
1KjZvNvAmprkMadSNVDTWURWXuGqte,512
19aG1aWYG41L8K1RLESKak2wKrxRRb,513
1MBhP2CRRDaYuYxEWByMrSj7yYSJUW,514
12au71qxDPhLrKQWZSEocZ23Jb31L7,515
1Ej3LKk2oYYrjzoYELGtvxGPHtCagF,516
1M959qms8XKd8356QjBfbgeZ4douE5,517
1PbvHJQZBrd3x7ARRdQitfZMhJGNeQ,518
1G5XTfkpKsp66u12Ve5uY98hSyYuDT,519
1DC4V5P1i5apEDzSwP4Cj11RG2e7Re,520
1EUSkhjSFgTM1EvuVKFhjopL8zXY1p,521
1Cr5SGXGxGx5wp4TtDV33HmW6wpoQc,522
1D91wQ74h6ywn8VsB5uV11TKgFgoUY,523
1K3hHwKmrEc2S674wXcELY3p6diWQS,524
1JntdskMmyqNKXZnCfJyjxyNz3VquE,525
16xAaxb2iNmK3Rv8JmE9kfzRcSRLT7,526
132XfVHkzGZUQi6nGbsXk2Wfov5Td3,527
1MMDTi86gNd2TN5XEvitkEWMzpafet,528
14efudg8PouKnBp1VGibEDi3tixvWU,529
1FJUfg7CSzEGgRknReASDxBwkZVyFQ,530
1yZarwPjyjeWQiycToCF7Cqf4Sk81F,531
16xjN3YtqfLV4c55PjYJXU6CUWZW3L,532
1NMisV7M4NnnVMRAS6PsyHon3UJ4TM,533
18Mx6bQQHemWYS44f5BM6WKYD3eVKv,534
18ggTAM8SP5YsWV7EMpD4R72YHNSSm,535
13i4ivaaJVSQZtmsvntd9d1KG577dK,536
18KUevRcsam8a7q9Xv4j3eaFeHW14o,537
1KrMPnVS5YJWhNc9hnxD9x9CBJw4WM,538
15EmzvWkWF4bRSVdG5w2we4oHPUaPJ,539
1NhWBMdP3LufYWw4CfuJqddmrWPQAy,540
193hynW8UduvKS4dKfrAD7zpcvkFUA,541
14MV11cBeoKCVZ45Pvs6gocJJTtEJv,542
1HGxWeFyPK5VaA3u1VdcXR2PxrDwYJ,543
13UeE9hm1vbEuhEWUubVc2UqHVG2BT,544
1FHUrFuD7H8xKd6imVZHMoJV4f9GBW,545
1JWahjKfgh5isTwaathPGWSbzMRhuG,546
1Lw76LqjLY4xwLgMz4j4k5sxQpT5LL,547
1NiJ3sZbyCRaLPsxJmZcvBHHu1cU48,548
1N9R9zCQNAqb1mS5o6gX29H5masFX4,549
1u8GgwAJJgmXPUbWeNa8dkRtwjUNGg,550
1FXeemxeNjxdGcEYWfi7SdibcFk7QP,551
15qkBzEVh6T3EKJKt4gbkuWeFw5E2D,552
15HRbDJhMYepJT9QbPu4KqWyYgmGHU,553
1JQsCKwaEK4ZHDLkbUgnQZQszUCn9B,554
1JfjpR9r1a1MSJTejUTqWEhkTVzQgf,555
1ERN9YxydHnffDzcos7G8dnPoC7LFo,556
17N5WPrhrAsGGxf6a1rT2rjw69vRrF,557
1BeiiWeDvMUyEY3813tPCN3pqr4WXi,558
1NPyuN7uTNhXTztZwwvP5Zr2WxVVJB,559
1LN6GixU2fTFT5EKZRH2yDZXtJYfCw,560
16TsJS7pKAdux7EekKftDhv22c4qth,561
1DV5qAxnKfLnks3pJG8r3NFz2pCPqS,562
15qLbTNEPdrK4chqmsAooucHjR3irK,563
1JRzk9LMPdEvCTLSSqQBi4MjNTMJEi,564
1AGKNCVi8Fu7iV7hncqAQKW76JfWMP,565
1CEVofbDMLpEUByXuKQuZgmuvAYGBw,566
1498WchYMT8AmqZjQ7uLxd3gSs4Rb6,567
1Pa4ux1LrASP2w1ZJ6xRRcNr9ig88L,568
1KTk9MUiQn8comSF5vsrni3a4swdow,569
12YvBXfke192PVLmqLTp9CePFpagsY,570
17gqz2YPfAn1HnMQ52fWXo8gbJYP3V,571
1HbsNfDVhHbMk6p7TwYEeDDzT4xtTm,572
15ZReqkuwsmkoubYgXyxcJZv2nr1TK,573
1NqF9k2HkA6pPww4wg1yqZG41WMjZa,574
1Aa8MBmwAAfSVXmnNWNzFnrPbG3gCC,575
1B82ruNcWqeUmp6JWn1DD5jywyPTRh,576
1TyRveiLoRxXia42Ar2LcnCrjGnCNX,577
1KGKQVWWcQ8s4nZH3z9u5YgRmjETq3,578
1JNPHKKPi68AJfWgTc72Wj6VD2QfDF,579
1DJHr1BoHVQzTTcbnrWCbDSqhnK5fm,580
1EqXqttqHbftk98j5UmgBQ41EoQiUx,581
1MoSm8As5zt7h6EKLQXpuzoCA5WeWW,582
1NT5xfzaKxj8ZLPhnDxQQ5rk3Ft6Ks,583
1nE5atuu9aZuXoZ5c3ErtYuzVJ3CEu,584
1L8svbRzQMWYhetnd5GSDMgAzFiVDm,585
1AN2aK3DUD6bJFpp7RcMw2DLUek3wd,586
1DdnCJvGCRuXsk4g5kqZm9TdnDfBhx,587
1NYREXwcQLWso4nTPcre68pyupgXJw,588
1MHwcd8jNR7FyUm85Rw3xf8uMMCjFB,589
1Cq8p3xX88CD7e9UC3WnFE5xEaH2er,590
14cWQA4t2Sc1yRduDPMWYXdmvcwbD1,591
13eNN1YAegsFVM3bvARu7aunHRHhzx,592
15vdhGWL1DV2FPpLj2sk5eTZ8unCwk,593
124sL1ByTBQfiUWjZZzq8N4NWsshZL,594
1F1ZQrgdtZ87oSfcn5Vw3NLQ62NTLb,595
17hUTP3fSf7aKzJWsuqSqAFrSp9EPa,596
1DZuTWHC66Ue53KWtUaSzTfqrvkphN,597
1CnbS53yBfmh381FcZA2bXBGnoJPdn,598
1MFbNFy8hEB2TAoxD4zvnzxtXtDRjV,599
1G2cACLjHzJWZVzw8H72LpB6bsaP9C,600
1YMR5EwJS5dUYt9SNRPA8hRuE4DdLq,601
19fxUGoiKCQ3PdXLAKHtB9XqeCqVm5,602
18e42m2Vq9gYnUevA5Fge8mf8KfCVc,603
13AtzEngoPzEGdDJMhFE5x3WKAoHV2,604
1L9QG1MBXHbaa7yhwHk7EMzteTDUkB,605
1KGmbgbxiNW4syZP9HJGe2Us1QpYKp,606
1GPRuG39SWFRG5BJ7wQPyp9skQm93T,607
14D6gbCKiSqKQL83mUKHHwvuLCdXiU,608
1D5LQAoVD1SFtZLtFyXYCseKSNkn8h,609
16EeHx3Jf4K9TED5QS9Mnosi2fPThn,610
1DHpQDVgkERo1fjgyfUTepbRi4Bxii,611
14aaWsE8PArVqywnwXuFE34td6m1dy,612
12TsMJoAyoasStjmDWAJmS3hvKRLC4,613
19RMooNYocGshaFjQZ6woP8LWSjWJU,614
15xULVXz8rEu7opHjovv5DsrDNX1Bk,615
16Vowp6Zm1s65t4wHHFtWd7FUfUGpt,616
1FxQgv1YU9KYsUifYZBuQ2eCHM9Rj1,617
1L1K28rC5cS1XsZeumhvUw7EhJF3ZX,618
18SeiPC2WQyF9V3Fa8hA7xNQ2Kuo76,619
1GRdEC8FNnqwpP2tChYNVPUC8Gcu2C,620
17vgY1PG2oZGfJ2Kg6KitvgRJuPAVB,621
12vwP5JYm2SVhTPajcQmFgGQ6Luytb,622
1PsQML5bugj1bQDTZrLTRLJAzkK4or,623
1Ke7AfS6NCBywUrcfjFuso79TLAZ8o,624
147kLmEP5ZkWfse1LVAzcfm3sEWbsD,625
155NhEARrAHyLmy5iAiqfmxNbgTqz7,626
19YocSCuu3ZtC1Qr1AGCGHxHx3FSjh,627
16R3H33fauh4Du6SYicftENkm4gn7J,628
1KS9ijDUCNBCnDr3VWagfwqN4a6JZy,629
1MF9qmDLzRxJNhGCPJGfvhhSMVuRyK,630
1HW51DpqPjV5WFfn6dkkLoS26dbxxH,631
1PciqYSmhn4GKenE3CGoKVSQdwwZ3B,632
1ATdY8RhX4smXjmpwKKHByjjprRMpD,633
1AoC1fFSrXta1jhrqkeM6zGVt4pu3M,634
1KfPsHTCmBs5LwdyfSwyPLDepLYv9S,635
1E9rqqw5nMUxJXWtt9YYRDirQ3CfAr,636
1QHFvxnsrtF3wvkj8VwguskPS8BFoN,637
1NRHKPhvKYQwkwRiBxUGd8F9spBcak,638
1FAC6ivTNUazP3xHtMrMyxs81zy9db,639
1DXK5v7f64XkR8qLKQT9ViKPz31EcK,640
1P27MT2XSScfevTEe4soj9g714NisL,641
1NhkKC3UMz6trA6pqMf9i8GQAFX4fC,642
19eJA7phS9rpdTcTWbfWYw7ZzZvYzf,643
13m5i4QddGuugdP3xMsKkP2zfPPUxA,644
1K534nRndx9dgSjJQ9TZYPHavSQfyh,645
12tkrccmTAL2u19rhDiCs8xaEY3dcm,646
1GrF94Zs8iK9mUjnmsWDZ5R8cw4mGZ,647
1NWi8wp2K3fUcbiJ4Ke7J3W5WvHdYb,648
1GJBPU3yo7hExQmN3fc6oMoDoTAvQq,649
1QL54zP7EJNdMsRCYpYf34uSRYhGTf,650
1CVFeG42NaVT3CdXw2zCmUCwRAd25u,651
1MbN3KNGyYko6hy7NPPw1YvriBHzBQ,652
1QAXeoHrjGqiyTs5iZ4HX6j88kB85r,653
16Hd7WeXv9dxsn2JkRDaCDcQYhh9si,654
1L8PQRQ9DtQc4RmwWSeNoYjc6GmqZF,655
14BGquiABzHS8jHLgGtPX4ynSKYQEc,656
1Cve7XyQU9Mjt7XKNX1NhxYEmqZrV5,657
1QKaoeVSTKJCYzjsaMtbtEnCdf1s4V,658
1KLQbrXdB3sFimK5Gvbbqrzw1SVoeE,659
17Debk9mpMtq35rudexaE8xvDX1Yb4,660
1LQPwBStpx8v38CqXyeVWiiaez3ok5,661
13hwPNp7ka6d5FKrcWK4jpRYA49YU2,662
19Db7BeYzRuT2cpwjs8V38QknvCXoB,663
16yy4ZbCn2dFaodWoUx3yuhhquZF81,664
18U7VYyRvtxeYs4jYuXiFqVVRLC5jc,665
182gV36sTLA8YMP33ABmresjJCddcN,666
1KkcnzjPyhwS2awH9hyhFDnCgwW8fA,667
1BWCorCTDxsmLy4ddDmPWZduYmiDw2,668
1Ey96h4FZ8qEZrBesR29svugiYatR7,669
1HZye2Y4s2ucYuKUhNeVzQd5Eds3Xh,670
1LXtJtrqtz4qzKd4pWgTfCAWtaUia6,671
1BbbqVYNsqbpbxAF7cJQ6X8q4Hsi6S,672
1S6uZwrS7wANwAAMUkeqtX9t5TCy4B,673
19pqkgo7sCZNbuvUMAfJjD9JiZXGV7,674
1Jsw9XuuPaxRfbeTuYfCUTWR3DFgv4,675
13pBjArVrY9nNNBCJAse55TYEnsssb,676
1GZ1P6Z369steSdAMYdkLBsDquvSEk,677
1EeS7KpQeX97RsJvj93aRojmK31ShY,678
1Ha1EjWtJPvfTpK7jeBxn12PE1QG8D,679
1Ho6k3U3E2wNTVf5uDYYsgehU7aXeh,680
14u6pe6wuHH5yn4CsxJ4G2nmjCrBM9,681
12gbLQ59zrMa6p3KDW6V5fof3PBRAc,682
1HQSibFow4Eyscp9qbPV8NdNzWgHKk,683
19nMyWw1RMFRuqZxrq3Q1w4nvrc2fM,684
1MUtDstYGTE2Fb7AG6R5LdQfroSPXY,685
156xwDxt5TN7VC5XYqb53cXtvjPebq,686
1JC5so6bkjKigHmTxF29HQdDRxVQsc,687
16iyJk1DhAc9YGzNrCzui59ZnyF2LZ,688
14vr9kTNfZLbfphpEDo41UDhXrD443,689
1PkrsqDpEYg9QCaneSWWmr5fPDhmyW,690
1N2HdyzDhH3Z6pMdNXRpm37YCZMdjP,691
18iW3xbfN7fyajkouSQPPpEBR7YRdH,692
1MFCgZxunxRTVEF9Xeeko1ysbt8mVa,693
1B6Jn1ghYcH2SphoPED68iz6ADV3HV,694
1GkQTFT4SwrCkewhxJjgifaucQBDmQ,695
1w5hUFUrq8MxsUBM82Lf5vfFvXaLM9,696
16WJnMWKckNxniATmtGc1oKhg1n9CT,697
1N1LWkeLhTL9mmjTTxQ48CVYSxHgYM,698
1C7ekkdNxPtK7afQ2DnbGGruicdvFC,699
1FU9aM2J3zFnkvHzrNBiU2A7BjeM2j,700
17yVbHAFX2WW3bcVjmz9VGvwUzkniY,701
15ev3kTMTTkWgyPKUKzjFWJCYK5GrZ,702
12N14DbF3AetmVv1FgXEmNNCEHjJf1,703
1PYD1y45sXB1wXFRT32ja3NssGmDzz,704
1FUyXeMccMvDvn491t5fGWWdBYc8uc,705
1P7c1ZMvZXVJ9cDxCDrQYCBcUoYNZg,706
1JUKwt3w5TPNhVtvxmvNeZnrm5WfSZ,707
19vhq2Bt98cqUp31XtiVoM5KQ8NwBn,708
174x6gXrAWKawtdjXmL39eagz8U5vw,709
14qPKa2bbxxsHengcCrcjomGR18W5z,710
1HPmQPEHZht58ytg7JeRDrqKxoL5eb,711
1B2unpxXwHWHZUACHXNrRFHnK46E4P,712
1GVA9KHwRq9wU4gffGV2j2w5YtGkQ9,713
13XqRbQ4LmScRszoaejmhcvbLgaBCD,714
13FeuSJDoPvdjZtY66hmkUSU3SKJFs,715
1Ky49U7jyeyGg4Q4xHZgnMaHz1vmvu,716
12ho9tUspVALESgAX7NXuETCi9gP9j,717
16qnuFg1Fuum8xA2wHx3xLiMQ8HvNU,718
1Bt8Lw4BhGRnB5n8pR4ZdAXCHi746W,719
1JoJoBrSm2LQ3nCzAp1wxSYF342b1R,720
12jL3fuxMZ6uhZJw4XjChv9ZgsDW5j,721
1MNDQPTTYdYbKvmSEE28f31h44Xa26,722
1H2Hzuetfc66LPH4cP5vcaT9UmxzKe,723
1HupwKMnZiFqc6fkNSgBkGvUG8ccfJ,724
13m9r9rb7YX3ddfy9jKAxCt6Gkiapw,725
1Dr1GraoHqPCHeMv2VRX1YVzCrVwBZ,726
19EGCZ5YT8hgEMZYas4HRH8aVB53Ay,727
1L7YsRA4JPSexvRrSbEGBdVrdD4vy5,728
1Aa6bMQNZ7axUJtAVv7DCMd7C1xaZQ,729
143y8BFCaUHK9QwGUNHmqCoVNsXMLD,730
1PbcSjtarDh5wUouWxPQ7qpXiHA8EF,731
1P98tMo4pmrWYBdQ8gzSakK7GP3E4X,732
1NTV9N1ngTrc8htyukDBFqCeGdgosB,733
1G6JzTzmvQos87Pk7hKdk8YGPouvPD,734
16KnsuNSyAo6JLUi3o9ZFm2x5inCPg,735
1HzV81kcKvaLojYQEmQUwVmGeCJdgw,736
14WqodTHPTB8qz5hM847RN27KvBA5t,737
113TMKAiA3hk76MMX5p5FBLGxwZPWn,738
12KJrqSZZzi1hN8toUVqABZAGvDc8R,739
1JeNViuwcadyPVTsqvu2n2dKFhJAWj,740
18rMojcM8PgsKx9uHDb8KJdnzTz6fS,741
17QDoKSgzkdcnwMUAg4E3Ud1bcwA2m,742
1bfPempdpNfnJmRiH8ezc1FGGsL5Ee,743
1KThCUMingPkt2wxsdvNuveDJ8ryrq,744
13b2LQfYp63xhZVzWzYz2SGix79QYA,745
19P5RQ4CqyjzRCbUiQ2LWSj4MmPuUa,746
1PygyZ22doBEbfW5HzGKaNFFDCrntt,747
19A397un3PU9g7RoFcko1o2JWQwsub,748
1FX1HDQ8FXzYUUoCDyUmvrxmQp4n51,749
1FPCX7HSdpJmJk8SjFXyzLQAVyzy9n,750
185hGLUKj7gwVUAqZxCCTfmFwJofid,751
18gakrpszjuiYRSPy1b8t68bpWofaR,752
14LZYNMdxMuqKFeJ62JX9x9kxCo8y4,753
1EJ8aF84wrr9otqLf9s9pmVU98bxeP,754
13zbMw7QccUfSDFFGvrh9tdUSxDe5v,755
1nazk2ckBKajCqW187Pf98cwMP9G2K,756
1Fh98oH4fAQJ54UUNntpNWTsmXLa5i,757
1EnyTVsQMNpnYmVVVNE75dnQMz3oU8,758
1Dy28jLgHJitfkm95uAuppz4zY8Xyn,759
1kgbjbqc6tPtLfcXeuXZ41VwExbgu1,760
15MdGxJ7pL3pjgVoBmPEx6eizD3MDx,761
1MBCk5mL7c2hWqZFBRMAqjFekcFkKA,762
1AJeG21J1SA3k5HWFc32w2eC56Gn8o,763
1JNCdvaU6WbjGubEHYYixGegcj4bLY,764
13Sd3SYR6Y8BRtxN3HXyecXvKzZzAD,765
1DLSuR89Crx2dxzEpEwGCCznRjWxe2,766
1Lz88JU2TCM2dTxi7125DW13uEHisz,767
1BZmQ8BuqbdkW1rt9p3mC8uXytMqHv,768
1wi1RjzTgFxgELwxvqQLjwA8vLXQkW,769
1PMdpmEgayVa2Vu5D4UyVkn3QNpUtm,770
1H6BfLQecdb3TttT4gqtEVnYQ7kq6L,771
1JweYkGJjtbUomX6hzJ9SMRJs45gNi,772
1K8QSqoDZXsPhPb9UQwKTk2x8JcFh8,773
1D9Cv3GXAuKYDd8hGM1E2LFJxndy6H,774
16vKPM7B9RYmv1mkWxYMxencdhh6hU,775
15mVt9ZCo7xL71Q8W9swUPayexxySU,776
12aDcHd8mRuJcKZzGi3f8ovogrMfZX,777
14cnnzGE7kWiv4rQi4Vhux6yycUnL8,778
1AYFUqdXXiczKcgAH37XmLtFFgaRuw,779
19VM4kiUUARxUg2ByfyKuvK7qdYFzM,780
1J9CRuEbe2y9zA9oqJKkwbW5cAem55,781
151ybPJDAvSj6m1BCYhBiKJh1eT6va,782
14bVTJKXLtbkHH9p3VhWoRMrC7a8Tu,783
1PkTrUA22vbFoymtpTSCntRpTN9mpa,784
1BsAU94Vh3gKbZCZvqHnH9shVQADyu,785
1JMLd62AHVHj9XjpoTqPy6wharCSgE,786
1HMALjpJPLtXyKjPGB4yj3cpyMEy1L,787
1433wCgJejhP3dfNTbxvmmuBE86mQS,788
1HqawiFuXHBHW63apBrSNLd3FZbtLt,789
164jUUoABJxYBwNGTmjFY7Tc76f5Gg,790
1WBt3NSaARR3FyW2ctMtdkBmvX1UmK,791
1PT3yGmcNdaPKPZNq1R4hkHAxRJebC,792
1Hu9uXQzGQGNArPJrF7pEkSfiA9eFf,793
12eGn3bKZFR3HQZ4kPvULp9jXexfyj,794
1CjVScG2RzYaXoN3YQGgQfckCkZ3RZ,795
1Kne3rrKmzLb4dLQv85Gwn12Hg29W8,796
1G8FLZFVPv2CWBm3VxwJkQz7M4UDdW,797
16u5YDvweADFNvTzE62NicKkGduonS,798
1Dpi835HK2Agq1rnqXspsdR9VjHArQ,799
1MdYs5Gvri6MqBeRP4YdsMWj9zXQjC,800
1ACWUBJNDPmxsdQe4GVxgmXT35JhkT,801
19smPraAawbVYHiRB9o7TWfCZQH3og,802
18NJ42LtYVX9A6TFPMYgEBtBcEVR9P,803
14MwuTpePBNWUqXoSbxmxquP6uPZoY,804
1KuRP5DEtw3miRfCGKvFq8Bf1tvtYQ,805
1B8FBe86QXrdH3EZHzbQtMuriLDSxR,806
12sMZETigRNUk2RepLpm7mbYjKMZqY,807
1Mv2B98scDkabXLCvwauTD1He9CQYf,808
1KzS4iyroB4gLW3yvW1N1Fx414vDmz,809
1KG7T2gUu3jxWC8ctQSxF7aypE6efU,810
16tNmsRnCwFZ58jLC9Lf2F8aVhYiRn,811
1Bd9wfkhEbp4TaFFSgKWM5V2Nk9PtM,812
196E63e8gzUeKUDdtrUTeKbfxPYj5V,813
1FWWpJ5zUufLGkj3SEE4gf1gPiLCA5,814
1QDFBm9xB6eCAwJXHFfvQo21zRF3EG,815
1AQEpq8g7juq46FzMHT1YgqsuveD79,816
1EirMRyRQxoxwZ999i1MBZk7nfmqQ5,817
1NH6MA2Qk2iYtrpKodWx1sUvabvnnK,818
19V76xEMaagrpiujQNY6G2i1RuZGEF,819
14L9qTfgniRSGWUJ5RrFVRA1kjttwo,820
1Amf61Hr1QQo9HkpPN9A9oFSSkxHHR,821
1ALVNeAd6fRag2wiEdaVUWCLc6L8p3,822
1DxLRP8bQdkTx5xMkYrnUPPMbW4rXx,823
1CWmDEEBXWwj8CiKgGXuG1u3vbZSCV,824
19WVemFEfD9a64U9wfdD3nSPcrvb9G,825
1KHi65NjeQifS7FBfpKrupckxLQ2je,826
12TscZqy6fChXbGAorVDEDSpuqNCRT,827
1AVCM88VYx6nJ273r3BY8JurGsXTVj,828
1G5rjc6TkRXy2UZ9NvM8MzsR2mthPc,829
1DH3VpP7qxs1Mmg3JRgRf71hWkEUJ9,830
18sVB3bwBAkeAn1vjRg9TE66tDppdp,831
1C3VkLbqTY3B7oiisxqd7pJiuoJ8su,832
1FAoFjQxxzegQ7Zh5jKw2RGWotNMYk,833
16hv3apZ5suz3iUZo5vnm4EvXzURoY,834
14rhHmaVzPeph79PqwdCGDRGxREnh2,835
1CrPGSc2qrt1Son3sePij4YUKH1YWh,836
1u8DTKGyYeaQ37pFPmpBmZLxsrEzU5,837
1Ly7jPi7nzwbKK7JCYiGMYjvnbAFuv,838
1FLqzKkbhQnS2xt3B4zQCTgipKZyGz,839
1FrkNM2rhN6ZdgJUkAN9BfTQpSp3zC,840
123UgR5SR6Nph2HW4PzrLf1UFFHDUB,841
17iXkeoDTyWjeG7MaLs8nDBfE2B9KU,842
1LYWDxYpYgdjNKt321b6wSbV76cUR9,843
1KZRjDFSXoBzAW6U7yCiWTZZrksdXo,844
1MYanvpXVs4CUyNeW7DrMDSvQDJ3ZE,845
1BBFLiyyzrhrBLmtFRKbKJ3KEvsRpp,846
1HGCxge68w88ffRrG65gyXLThTZSxJ,847
15fTuJCrPzCGEdfkw5D9MP2Ktb4YC1,848
1Et27cbJHHafSJFFVMSsShousE6p7x,849
12smeqEpwa9A29kjMFXqynxNC3L6jP,850
1KdnVsgPEwGRmP3WsssHzLfidiyDpK,851
14gaChNepuUVasV2Y6Wf3FFwtB1pEz,852
1CxyqcnPVktB3QecXCky4Mz6cakpAR,853
1EQ2V1oaZ2uEkj4x1pFpDAhXCdWLtA,854
15i7QRJDfLYd1SXjD5kxxrynFhVStB,855
1He5CfK3WFPCwzAdsBiboqgfeDQJnc,856
1EmFb839tY9YGdZByvCbv4CHqQegwk,857
1TBq78JHFKCwnSSxNqcQMrb1tFerr6,858
18fjCg1C3NT1VrNjo9bAbJ1JDfjCgb,859
15wtSXKtWyGcUdCfjHmPpoFht3w11j,860
18yiW6BmDD8dB5DQke3i5hqw3g54JX,861
1JC6gCo1F7REKFN5diCXyV3P3XPuAR,862
1KiRT1Qm88KqM6jrnfjTAZZoorFngG,863
1FFnokNRSadgNVEdjciqfGzQtKjFJk,864
15E8wMJhRyZTXRHQA5yVPBsa8sykEb,865
13Z4WJ5B2vnw6FoimAunUHv8Wqi8od,866
1298hTE53DDoA2FEjNfkzcWSRht2R5,867
17Eum1W32CYeLqzQyEnpo5Bs7F7zAe,868
1CkwZCXTRUPwExm7RjPgkVt36tqNfz,869
15CNvQ4LPTsyP2Vvx8kpna9vjV5YBz,870
1QLCajzAbghLGiQ683xH9cvMZgRbga,871
16D9bWZmtRurKnGDDtZcqGmcLmzyhe,872
1Kt2HjqPA6Cu6kXEMVVpcNGyJkc9AG,873
15C7sFF2Ut5ejgUfXe19QsFfezxZWN,874
1JWT5r7awy8MdT2Ee9dzn1mraYJfRw,875
19XjwkYWUgyUkBxat1o2TCbKp4bqVX,876
17Xq2acnEzMumNM9MrUYiacMKrbZfV,877
18ivxprkReV8HMCBcm1bAQajrph4g4,878
1DdJT72KxK6U3GnmZCq75g1Sr45z4v,879
17R4C9YT3N3j5ySsX5qBy7TxKhtnuc,880
1PqtmUNCZ9yNJXxmLvTkZ9jXefaRAJ,881
1QDfKQSVAPMJ8tA6utMmQqdJAC7aZ3,882
14oDrpSp5k5Bf8V2ie97s5kU3Fvb58,883
1Nwst5gNRSbzSehWt5F5oSe8LYFRjG,884
15cmcCDR7erKXbtLBnDax3dXQjagv3,885
14nUvM3BrwGUW95zfAgjRJ1DMwoyzE,886
1E5bWgKu9TDFxrN9M5NXMGfeUbCCub,887
1BSfULuqL53dvQPvpRA7P1Lfg62yFV,888
1K1m9wgdZGZXFVhq8LGkhNLNGobKL8,889
17Y8cce83qZBhM9vwSpwYkbD8ptVT7,890
1PJkkaffxEpXaPBFjmQLffsj4iGieN,891
1GNPQ3HuPPd5FUT2Xf6YLnAcpCSL6A,892
19aMHPsSv6CffH3VCZzwpv84eiPSo8,893
14wsH6MNEpLkifBtzvLnLi7jfvsRP9,894
1A84UB3MEQqh3TH4Qe8DHmJMEbmoq7,895
1K6uKhBUULmCeqcYetueh6QVxmAbLX,896
1BNf9JR2dxxBGvhQdjFfiXgiC4LRS8,897
1C57QNPYf3rdkJd33pPRMEWAEe4BFA,898
19JAmYcHfajsxKoPe7yZ9xg69uYmn7,899
1JGTN9RskpNcjXG1VSQWQs7a7LenbB,900
19HuCkvwrrN4TMY9rzgCU8Z9iZV8Su,901
157vM4scfPDBNysdhAdUmR7rswc5Xu,902
1P9FbDbZ23JuSY72Bvfbw55R3SRpo1,903
1NxPXu6uypzqxggD8CbRgHgteWriUZ,904
19eC1B6ryboN86DSjGrLCZmic7YCwn,905
12LkqttTroGr9GbCEZrZEqnVorR65Q,906
1BocXEoVG7twL7F8UC11PHkm5BJSdd,907
1Jh8SPD5Y3tnEtxYzJyixcrr1ambNJ,908
1BemNJ4nmqyb5R8XBsK1Bgz54PXN4D,909
17TfuM8pNZXRPUkc28VLAkNZ5imSHK,910
1APQnYGKatdL89uckXz8Qa9CaCtYwC,911
1KVLV7MYArvfr8Mcz9jhf55ckyu11F,912
18daxmgefmhKN66hkyKpcGKtxXKj7S,913
1uQzjPWGCWaaXiJrYUyHTtQW7h4uSE,914
16iuTgrBvFhzpJx3qwv2MeaeiqJNnV,915
1J6ctxAatgSEFmjDwNszxj2cgwWmZ2,916
1BVEEQPejdgMArAXbszS1ixFmWYTST,917
1JgWqD8WJ7aEpDRSvtpvDiqcWSqgyb,918
1E8DoCr7hg8TjVTC2cBMVHZidUgbVi,919
1Pz8hsQqrUzHpe6GngHiMmFC7qRWJV,920
17fH4gPxiWrSMfb72TLRvdpMUm1duf,921
17sHqGLsRHyNAwCRzEVSGkCxL2jLJZ,922
1BauPiWcf1KRBd13nX6QffCULLDf61,923
18djCmf5rupjc8PSe8vrT1oKutxNyE,924
18oyr9ABVUMD1z2GsMeYLaZqpkvjQa,925
1MqaQAQsa4P27qAxPS94mmxFcT8Lby,926
1Hwf3GeXqcdadpzCGhzbE3sKV5RsMz,927
1GnxucbyK8svG5EyfvY4vqTV4E9qsX,928
13TvdTXYj586KuJxgvp4sQcjiiTYy4,929
1K93BKr3o7hWAZjYSXUcDW8Ak7oAQN,930
1K5Py5nH9DRqZrrxfzFVY2urE6hm4B,931
1KBS85VdhZAyVkFbQ2qvHshakcocur,932
1EisksqV6ER91LF5hr8euhQb7Pcobu,933
15nERqJJchhoY1cygDa8A74bUr76ZE,934
13oj3UUEQZfTxSXdHeYkZ4n5FJbToz,935
1BowNETCzdssdRifH6WsAyWn5sSCsX,936
14rhYwWgDcX8D9GkvbLe1YpgimD6qj,937
1KoNYgAPQC3xgp4KLUstqovcsSi8aa,938
1Q18rBmRdXqjbawqgmr2WBPwyPpPph,939
1GkATJEWQ4h95uncJwBF11VAKfL7Hr,940
19hsk8E7XcwJtvTnSMYQ98siMQnfBy,941
1LmRfShdGewJstEtZJ2enW5n8VxeF2,942
12akxUitin7Xn1rSJBhfDnS6zVXxsD,943
17w4SDVVu5g2zSHAkAvDXzSDKHRS7s,944
1Js1UmScUpewAhb2uVkRQvCjTtB1ri,945
1CAnmUhg9MGP1JQTm4RyhiLBBDKbCK,946
1K694gFwZY8D49tJQrMVP263VNz68i,947
1JRyn1xjf7KC6hVQqhR2JVB5PrQ9W5,948
1E4ETyHDL7VZM2XM1XiuLUMhq4m1xY,949
16x4JdfApJLixa72EVvgym369h6k2h,950
16Wn8amzXDwHWEE5Umok2Zia7or3gq,951
1J95o1YBuzwESdzotYDBopMzAWZrW2,952
1nwHHXp3a3ML1qUmSVZtUxrSpZA53y,953
165LUAXWojjZGq6risLzQ5ecxzoLdz,954
1CmiySpWjQBGB1Wgd3B8UfFVvLbvdB,955
1EiEQhg2G8VawxLPUih4aFQj1CEjtW,956
1HstBrdUQUfyaLpAARo4nNws4Bvvob,957
13XXXZYijcPoNHYqyspjbq6yXyKhBo,958
1MSbx3xfJzdGWfrWqBy6asA3JsBspu,959
14kxih2VWwKy7FDZVZywX4RxNGyAQx,960
12TgJwbm7amR5MDsQ7cpknq43M6yig,961
1MAJ5GgJKTSmH1uyVmCHVRL7QREtCs,962
15KNQGtgcyZHzqhonJnfaFwDcQCx4y,963
19uiWMdisaBej2Rg1UxMxvx3GRey7b,964
1weZD1k6YU1HhFV1rpGYaQ9eRGN7vL,965
1QAkshwaytFcf77zhfv1oGA19LA1mR,966
1AEfWTLX3gcMmGQjW25FC9Fb5mqJy9,967
1NWuVUuxXSzAMQJhKycqXKngrfBCrB,968
1CyUPMsuyouYiYtefXzwd86MFScbpN,969
1fPLQ5V1vTcgUSE9sAxxt33ySjbEYn,970
1NUjaaQBL51AKZjzrqxvksEMpWQXXC,971
1AfpzG1aVymygH9UUy1N877LwS4sBD,972
121yuoY5NLBe5HUaataNFC1VcXoZS3,973
14mvWPQuKA7cr5U32bxAqWTneiovzk,974
12AhyPcnmkvmG5SHWtnKvNyjCVDCJz,975
1D62w6tKTcokpeA31xMzdVzfaurqt9,976
13n4AYK7rJzJsaja4vAj9bbR9To7cP,977
1JHEmRL1GSwG2HdsPP1he7iHZy2HHx,978
1JEnoWeTjovzDkqL8jkjbvSYmhBcg4,979
1KQX7Yq763DoFNJZc78kbTXwanRX8X,980
1H5WvHYCHYV9R3ErJjKJD46ze4jqjp,981
14qt93YdTNhf5w8BcYzfRy93E55P9T,982
1K4w1YAfAfRGPn5FkxpS1pSs3zXG3E,983
17pymjiHjivr1ZwBFmzrtnH22hZ3uh,984
1CFZAoKDLeqh1g9RJnfTbjni4A6r5h,985
18eNRUSAx2g2kWbdE4LrNPZCzPpuBt,986
1DxMQrbp1yJY1Bcr54CTBPFB9KVqBc,987
15HckpnNZaP5TgqAtacNhWZvrV5pnz,988
16rsvvCDMhByjMhHWCVqUwLnnjWKvN,989
1FWEYkR226kKmwzhKwZzY9FX59VHQL,990
1p8Mnywv3zyqZSrWT1S3ceijCrPcQ3,991
12RtnAwv3kQY9joWVLgL7opNXsBtpY,992
1EnZ8W7fjjdGGeLEikQCMV9vDUKQ4s,993
14foGEbHMJJr8rTMCLCo7Y55ZeAXN1,994
1NibGMqHRDgz4TsrmRbjRN6Lnjdi3L,995
19aMkoWDKXGTTeTdjrBB1VPAdRwVrb,996
1APcv9971FiJhSbRYxdE7f4VipyXDu,997
1FJCXPySf26U1Z7c1k3jTGrs5uVdN6,998
183jBKnc5JZCaR8s4g5SCZ38VKe3ue,999
17GjypS2APu5orfC9speaPBe3h4mAX,1000
