1,jnicholls64,Justin,Nicholls,1
2,cfung58,Alex,Fung,1
3,U2pAaq,Sarah,Murphy,0
4,6qL01n,Ralph,Gardner,1
5,2a9ilLHPo,Stephanie,Martin,0
6,merPyWh,Christine,Ward,0
7,LZVNuRZOD,Dorothy,Ellis,0
8,tdswNRx,Janet,Powell,0
9,d32xn6X,Andrea,Hughes,1
10,G93MSRaf4fj,Maria,Black,1
11,RjrKvWBW,Donna,Ortiz,1
12,9JSyTyp5K,Bruce,Carr,1
13,25TXZHVu,Joan,Phillips,1
14,7gcZl3lye,Jack,Nichols,1
15,M78DdU,Ronald,Mills,0
16,d9mQWLro0QE,Jeffrey,Peters,1
17,LWlsGxgXQ,Andrew,Black,1
18,dmoXS5FkC,Paula,Matthews,0
19,UzejruX,Ronald,Kennedy,1
20,BQmoYic,Jacqueline,Kim,0
21,amFJOkHr1hQ,Russell,Schmidt,0
22,OzZFBz4,Craig,Stewart,1
23,PZk4mA9,Sara,Tucker,0
24,3cJyfupRAv,Eric,Wallace,1
25,p56sKA7,Paula,Dunn,0
26,jUPfHRlUJ3,Brandon,Franklin,0
27,AL4iFMfLV,Scott,Webb,1
28,oEPxta6,Bruce,Jenkins,1
29,Otkj8I9c8wm,Evelyn,Phillips,0
30,ExEElU1l3,Amy,Gardner,1
31,FlZCbZccTh,Alan,Bailey,1
32,n5EI2AWT,Philip,Willis,0
33,h5DWmwdCx7Yh,Paula,Hanson,1
34,UhQi9iRYxin,Randy,Matthews,1
35,ng9ueEUJ,Kevin,Anderson,0
36,88qOqo7pU4Pn,Sharon,Ray,1
37,LLOiC5bvco,Phyllis,Bennett,0
38,iV3yrsrc,Benjamin,George,1
39,zBd7YPmCo,Rachel,Harrison,0
40,J8020C,Nicholas,Wagner,1
41,nH02JzACw8Lv,Dennis,Stevens,1
42,I32z3D4gQ,Diane,Welch,1
43,mXBZ4aEQU,Paula,Welch,1
44,YsnPlNai4,Willie,Greene,0
45,HHiSMrijJTj,Elizabeth,Bennett,0
46,9irS9xazAYmd,Edward,Murphy,1
47,z0dE4u,Christine,Wright,0
48,FalH5poI6,Carl,Matthews,0
49,ntLVhA82,Kathy,Hall,0
50,zxLMWFNIHizA,Susan,Riley,0
51,uBXWI7Hm,Steve,Wood,0
52,Y8BEfaaWc9l,Jeffrey,Montgomery,0
53,CTXghzbp,Antonio,Hill,1
54,s8Iefv8U,Janice,Daniels,0
55,WSYgcK6UXHVk,Ryan,Ferguson,1
56,HDkxrE,Patricia,Hamilton,1
57,Gq44BJ6GDYuH,Annie,Meyer,0
58,sBNFWTk,Carolyn,Bell,1
59,FxZC79,Henry,Duncan,1
60,siBk3biGa,Patricia,Hughes,0
61,ZoYA8PenjXPv,Ernest,Alvarez,0
62,VA12oPP7D,Randy,Mendoza,0
63,lnyzwCjn,Ruth,Miller,1
64,dIFvqzA,Mary,Berry,1
65,12QS2HQEB,Karen,Evans,0
66,4R5Bwf7,Amy,Scott,1
67,fV53TUvjlFP,Bruce,Washington,0
68,K7NCl9OPNr,Sean,Gonzalez,1
69,Z7ldPvg02,Betty,Scott,0
70,7yzCTs,Sean,Wells,1
71,hgy675qHx,Joseph,Alexander,0
72,J46toCYPcQG,Alan,Elliott,1
73,2uyBTw9Ht,Sharon,Patterson,0
74,BCQD6m,Rachel,Kelley,0
75,vnuPNN5,Russell,Hernandez,0
76,eb11YnXrvdO,Susan,Reyes,0
77,mDIH4mYcG,Raymond,Hill,0
78,bjppn2rVwY9m,Jesse,Fox,0
79,XSBbmLlo,Kelly,Watkins,1
80,ju826u,Jesse,West,0
81,pU3cOgE,Julie,Campbell,0
82,j0VbbyEyrm9a,Cynthia,Ramos,1
83,Esqj8rLJ2PH,Catherine,Robertson,0
84,OerSuT,Dennis,Banks,1
85,YdJe7WGxH7,Juan,Ramirez,1
86,aAGX2Ag,Gloria,Myers,1
87,s5P8Fv,Donald,Fields,1
88,X1XnXGIlLKO,Deborah,Stanley,1
89,YJzYxJ,Fred,Lane,1
90,ayIFfHYUY9t2,James,Little,1
91,NBXXjfibih5c,Sean,Armstrong,0
92,xpoa1parEZG2,Irene,Jenkins,1
93,fj0bEqHK,Ruth,Cole,1
94,5EWFyu,Jason,Stanley,1
95,ws9d93QOO,Deborah,Jordan,1
96,koV00vi126,Jack,Vasquez,0
97,EIAKUgYN5,Wanda,Collins,0
98,BmWaT2v,Aaron,Lane,0
99,uiUhDTu3,Arthur,Arnold,1
100,7BWVxWO,Michael,Rose,0
101,bdOpn9,Katherine,Wells,1
102,10fY0eK,Wanda,Harvey,1
103,Z83P44a5nL,Nancy,Schmidt,0
104,7fbGwrQ7itu,Billy,Barnes,0
105,VdbdcAa0cRyJ,Ralph,Larson,1
106,e6rRumpVWY,Larry,Reynolds,0
107,kDhgML3rHMXO,Willie,Morgan,1
108,OzeKLnz3pm,Cheryl,Hunt,0
109,dM3au2zxo,Antonio,Greene,1
110,W8qF4u1,Steve,Gonzalez,0
111,Pd798T8,Brenda,Matthews,0
112,ehQCHEuGL,Rebecca,Tucker,0
113,ylEdr6cr,Lori,Stevens,1
114,87z8LqRgu,Rachel,Gilbert,0
115,KU8rMDPLsi,Marilyn,Edwards,1
116,d4KhRWJajyVv,Sandra,Jackson,0
117,8R9aRMub4X,Steve,Wright,1
118,QhexJk,Gregory,Boyd,1
119,8N4iI4J3vds5,William,Wood,1
120,2yWb5Yq5b,Emily,Davis,1
121,SFmzGJYvqkqd,Kelly,White,0
122,wLg5Iv,Benjamin,Rodriguez,1
123,voF6LQQlQ1m,Marie,Martin,0
124,oELltQydVb1,Betty,Walker,1
125,nO1yej,Raymond,Adams,0
126,2ifhskc3YdH,William,Lynch,1
127,2XTA4o,Marie,Montgomery,0
128,VNllwtcX,Stephanie,Hawkins,0
129,yo1JrcQb,Sandra,Mccoy,0
130,cYFx195P2ZS,Michael,Hansen,0
131,LAnFtu7R0tPZ,Heather,Simpson,0
132,RfTNO6vb,Thomas,Gonzalez,1
133,7W2TacND,Cheryl,Little,0
134,OHxZDxcE,Daniel,Torres,1
135,zENmfFl9,Walter,Wright,1
136,B50KCBQ3p,Dorothy,Kim,1
137,8bbrjW,Russell,Young,0
138,U73AZ0,Jennifer,Scott,0
139,mpUYxtnHG84,Helen,Owens,0
140,li030m,Julie,Simpson,1
141,AmAFBZyF,Brian,Harper,1
142,B30Jk3ge,Maria,Alvarez,0
143,TPaugC2c6Hg,Tammy,Gomez,1
144,196C3tjH,Albert,Duncan,1
145,RAxcAUd4PQ,Roy,Howard,1
146,ctQYtR3Y,Sara,Morris,1
147,1wSgen4boh,Jerry,Riley,1
148,l8MQJNF,Stephen,Davis,0
149,NHBjab,Joan,Webb,0
150,H9ZkIiJP6,Janice,Fields,0
151,ru03tP,Jonathan,Cole,1
152,rFYIkMNEQIX,Alan,Elliott,1
153,H7FEcStd3i,Philip,Stanley,1
154,oR9lHdkaoC4X,Steve,Adams,0
155,yr8EMr0Ji6,John,Perkins,0
156,mRD1CvFEPF,Patricia,Greene,1
157,vzQzwtWiBurn,Rose,Dean,0
158,ROxf3SU,Jessica,Washington,0
159,G21dVx,Steve,Larson,0
160,hHpBCZPW2,Albert,Burke,1
161,hjrhsBTibNK,Jeremy,Phillips,0
162,Oh42jsKaZU4S,Keith,Richardson,0
163,vmubgrbGXLyR,Nicole,Taylor,1
164,AxhV83,Ruth,Collins,0
165,INmoyl,Alice,Gordon,1
166,VLLkZCMDU,Jimmy,Morales,0
167,HLBleOmm874,Heather,Dixon,0
168,Naf2MepMGza,Juan,Holmes,0
169,y7AoQU,Annie,Wright,0
170,yHCAM8w8,Janet,Daniels,1
171,tCJW03l,Ann,Cooper,0
172,pnZunIZ4Zh,Johnny,Sims,1
173,cqv369Mj,Marilyn,Johnson,1
174,N2uxIJ0C5,Phillip,Lane,1
175,PpDYgOOlv6,Diana,Ford,1
176,4V881D3Q7MB,Judy,Stevens,1
177,jsGrVDalWYc,Phillip,Larson,1
178,JitIIFEW,Heather,Franklin,0
179,4jaa9Sfq4l,Sean,Howell,1
180,bXA7hi,Debra,Bradley,0
181,ouO93hGNBx,Jerry,Jenkins,0
182,VMrSzABg6,Philip,Montgomery,0
183,JJ4Jtp98,Amanda,Ford,1
184,zgnLJSRoE1iH,Antonio,Castillo,0
185,Cl0HCrb,Billy,Stephens,1
186,xHQvyCghA2m,Janice,Taylor,1
187,amqXnVwFCHsM,Jeffrey,Richardson,1
188,ADdxGFJIr7Sr,Adam,Kelley,0
189,9NG3CCZxjP,Jason,Lee,0
190,cTZhB2ctgJtz,Jimmy,Brown,0
191,f1PoLZ,Louis,Walker,0
192,GrIxLAwuhTn,Donald,Montgomery,1
193,1FV3Ckf0C,Randy,Hunter,0
194,KOGU4ykMD6k,Margaret,Medina,0
195,0dN5R7,Julia,Harper,0
196,RJKwX5qsM,Diane,Rogers,0
197,GmTc5SzV,Johnny,Fuller,0
198,KYbQyrotHs,Mary,Perkins,1
199,znpvPvY,Cynthia,Hughes,0
200,Lci5a1e7,Teresa,Wright,1
201,w5qo4D,Steve,Arnold,1
202,yNJglHu4BxG,Patricia,Adams,1
203,y6teueNe,Cheryl,Parker,1
204,0HO1zVW2u2,Anne,Hill,0
205,PfSs7sSK8jdn,Ashley,Burke,1
206,yn3DBS,Marilyn,Perkins,1
207,g2seJaQ1DD,Elizabeth,Jacobs,1
208,WKXMR63,Harry,Austin,0
209,Rm2ogcpbTZ,Emily,Larson,0
210,uQPiML,Russell,Alvarez,1
211,njclsvK7,Larry,Jacobs,1
212,NluxugLO,Steve,Bailey,1
213,jqQGz5f,Laura,Hanson,1
214,Oj7ZetHW8,Brenda,Dunn,0
215,wY5viMS,Cynthia,Watson,1
216,6edFJVAr,Paula,Ruiz,1
217,1XaOOMS24JXJ,Edward,Banks,0
218,3PdvJ3orUz6G,Eric,Olson,0
219,uXujYw3,Shawn,White,1
220,qOkiF3w,Joyce,Holmes,1
221,BxA2op89tM,Betty,Dean,1
222,fm7Ft8,Gerald,Perez,1
223,hpZ7bSFGv2Rd,Mark,Stephens,1
224,tvzPjPG2N,Anna,Romero,1
225,aHovaJndksJ,Julia,Kelley,0
226,WF9zfaU,Harold,Greene,0
227,CefWysGkwFc4,Bobby,Stephens,1
228,ewDH1qdp,Justin,Gonzalez,0
229,2h6Z84qoVFdn,Charles,Walker,0
230,F0eXMvGaKDXQ,Jerry,Clark,0
231,5JqmFAzEOeoZ,Billy,Greene,1
232,qKMPj3A,Diana,Tucker,1
233,uuxJhUxlnTH,Mary,Simpson,1
234,JD0wfYQ,Michelle,Alexander,0
235,VPWThjTR4s5,Jean,Phillips,1
236,3nYzE1I,Benjamin,Nelson,1
237,qnhmQLTW,Rachel,Lawrence,1
238,3GoIook,Jimmy,Watson,1
239,aHg18GDEXh,Antonio,Hanson,1
240,7j20bM,Lawrence,Medina,1
241,evJsLbg,Shawn,Diaz,1
242,PLy6oc5or2,Ruth,Sullivan,1
243,RdaF3w8QO,Tammy,Davis,0
244,4DZMeRZpEXG,Alice,Reid,1
245,Ei3lfGkpK,Victor,Kennedy,1
246,95eDDdoxaJy,Christopher,Green,0
247,2yPtw5DAX,Irene,Lynch,1
248,bSXy6enusXZl,Louis,Reyes,1
249,oDsq0a,Aaron,Kennedy,0
250,M5PSU9,Barbara,Williams,0
251,BMMJ2IVWeq,Phillip,Richardson,1
252,FdMVefw,Rebecca,Davis,0
253,5XClSn,Craig,Parker,0
254,A5Z9z8ScVJ,Anthony,Mccoy,1
255,HjkH9FAo5ED,Patrick,Richards,0
256,cBQgjfJ,Walter,Montgomery,1
257,5tVhBKYjim,Jeffrey,Bryant,1
258,Dw3OLB,Jacqueline,Elliott,0
259,ZLQxwN,Russell,Richards,0
260,mvPGDbuE08S,Joshua,Lee,1
261,RdF2Y2MSMJ2A,Clarence,Garza,1
262,LItuYUhC7,Justin,Sanders,0
263,jpZASs,Dennis,Montgomery,1
264,LoZ59T3dG,Dorothy,Harris,0
265,soBBnzanONM,Pamela,Sanchez,0
266,cQHBvgqfhn,Craig,King,1
267,MxTRpfrLzx,Samuel,Berry,1
268,5yYIIoBsk,Larry,Dunn,0
269,1TnikbI,Kathryn,Graham,0
270,Gf1D0iF8d,Steven,Wheeler,0
271,vSf0GL,Roger,Chavez,1
272,f69mg8eN,Jeffrey,Thompson,1
273,VYANuYO2f1,Steve,Crawford,0
274,SC2mcO3kUHEL,William,Wright,1
275,uAVTOaWrUI,Kenneth,Richardson,1
276,FFepIdCw7,Ashley,Nelson,0
277,M6I8SXHjhm,Sarah,Baker,1
278,LUlyHU,Aaron,Diaz,0
279,I2pzGUgA1SC,Keith,Edwards,1
280,JiL8zWOG3AJ,Nicole,Russell,1
281,8uP4MGVoQHHx,Susan,Robertson,1
282,fBabU6OB3,Bobby,Stevens,1
283,zLjuYn,Joshua,Ramirez,0
284,BscnfATG4v,Annie,Richards,1
285,ypJYkGX,Janice,Porter,0
286,fYt345jCu,Robin,Howell,1
287,xGcTYo1Z,Marilyn,Armstrong,0
288,zk3HQO,Douglas,Romero,0
289,yy7Z1VJNpG4d,Steven,Welch,0
290,lZpPlt8,Kathryn,Flores,0
291,S6f51krQH,Elizabeth,James,0
292,EUT69RAyd2bP,Kevin,Clark,0
293,As7hh6yLO,Juan,Bradley,1
294,3TVEx4pYKt,James,White,0
295,4iYPysZf,Kathy,Wood,1
296,mVgQV0SnHs,Dorothy,Lopez,1
297,ltbUmXg6H,Aaron,Frazier,0
298,hqfIrV1NplFC,Jesse,Cox,0
299,r4faK9bkwDf,Louise,Powell,1
300,Yo6op3Tur4kg,Bobby,Hughes,1
301,iYQ7jra,William,Sims,0
302,oRGC6pqdan,Brenda,Foster,0
303,d8YoR9z,Tina,Fields,0
304,xKtE6wGc8nC,Anne,Henderson,0
305,cUiXM9LSl,Jacqueline,Meyer,1
306,VjYay8yHUc,Janet,Mills,0
307,wETBBMtWgaab,Eric,Nguyen,0
308,hG3Gaq8R,Kimberly,Kennedy,0
309,bQYImm,Matthew,Medina,0
310,EPh5rxrNClvr,Peter,Wilson,0
311,GB2cCS,Sean,Thomas,0
312,5EyQcCwA6tc,Gerald,Gonzales,1
313,BmEK3b,Bruce,Henry,1
314,9QivU2BFyF,Stephanie,Knight,1
315,9IIg8XDKEp2,Paula,Wilson,1
316,sY1vYXbudg,Lillian,Wheeler,1
317,wwPIP7nESiW,Paula,George,1
318,QUMR8ym,Ruth,Edwards,0
319,NBlMCZK8nF,Joseph,Carroll,1
320,0NBWVpTm5H,Todd,Garza,0
321,NflynSPUWEh,Anna,Mendoza,0
322,FCoSc1pHsCV,Christina,Ellis,0
323,WKObkvnS,Donald,Morrison,1
324,qOXAte,Kathleen,George,1
325,5wFbDrAxw,Irene,Gomez,1
326,62N9IZo,Andrea,Burke,1
327,m7sjZwdwtXn,Irene,Hanson,1
328,qtLJolyl,Rose,Stone,1
329,hxBHOIyYfO0,Jeffrey,Wright,1
330,UCy1rwGn,Anthony,Robinson,1
331,zaIaDxxm2J,Diana,Ruiz,1
332,MtCbdMAO1IR,Scott,Sullivan,0
333,Zvs35mj6ug4,Bobby,Martinez,0
334,idhdLIoi,Margaret,Williams,1
335,uJUFhTG,Timothy,Young,0
336,fb9mlKld,Jack,Turner,1
337,nDRUsuuO,Bruce,Carter,0
338,xrVZqhbc,Stephanie,Fisher,1
339,Gei5fHNIZW,Terry,Hughes,0
340,6TTGZoooNml9,Samuel,Sims,1
341,y9z2Vff,Annie,Foster,1
342,ODyNzUKjdl,Elizabeth,Cooper,0
343,xz61qs,Helen,Robertson,0
344,CDxu7x8cq3KE,Amy,Gonzalez,0
345,8Yh5TmoPGVwS,Carl,Williams,0
346,jGgIA5W4g,Donald,Miller,0
347,o47UTPzIxxUW,Jessica,Moreno,0
348,l1wDn0QfadX,Harold,Perry,0
349,I7LrJE,Helen,Clark,1
350,Ksvhmv05Qs,Daniel,Harrison,1
351,3YqM5QN3EUm,Larry,Sullivan,1
352,fnm7Ww8Egx,Jeremy,Young,0
353,6hZZOBb2uz,Cynthia,Johnston,1
354,CCaLYU9oyOV,Joshua,Gibson,1
355,m7dNz5Yv9kS3,Rebecca,Dixon,1
356,k8VLfis,Victor,Hart,0
357,qs3gsCCndpX,Howard,Jacobs,0
358,gvYrSO,Christina,Cook,0
359,P3xp88,Peter,Ryan,0
360,XcTQ9UkMwbL,Kathy,Jackson,1
361,JQBWY0xS7kk4,Keith,Rodriguez,0
362,mt1MBklTMT2f,Pamela,Martin,0
363,tliXAC,Ronald,Richardson,1
364,PHdrMf,Emily,Smith,1
365,JFd17psMtKi,Brian,Murray,1
366,7Ji51TZG,Howard,Hansen,0
367,dwwY2WV,Amy,Reyes,0
368,MFbKSgw,Anthony,Jenkins,0
369,DDwaSmgRBlO,Edward,Fernandez,1
370,cpTWWVS0,Melissa,Stephens,0
371,ZMNsYv2N,Paula,Moreno,1
372,zJgA7ksbdsjq,Rose,Lee,0
373,d6ymM9Guz,Michelle,Kelly,1
374,TFnuQITHT7,Henry,Romero,0
375,QYPhxKDlgn,Lois,Griffin,1
376,mDd6Z0cVdfVs,Patrick,Ferguson,0
377,WJsQT9Q,Kathleen,Gonzalez,0
378,91p1lVAp,Terry,Edwards,1
379,sDPNDSyVqs,Steve,Moreno,1
380,cT5SfZxzVmWX,Kevin,Duncan,0
381,6sXL84,Teresa,Snyder,1
382,bqMvfhErEhoD,Kathy,Bennett,0
383,BrGlMM2xeUy,Ronald,Chapman,0
384,niwFBrk,Julia,Mason,0
385,CAU7Eqsn,Jason,Burke,1
386,DBkB1sOQ9J8n,Jessica,Patterson,0
387,uNgFNrLTCM08,Beverly,Hamilton,0
388,yTpFKpK,Kimberly,Berry,0
389,ng3rGSZWFLj,Arthur,Rogers,1
390,JLk4F4px,Katherine,Frazier,0
391,s8Tja1,Antonio,Sullivan,1
392,c9TIYrb9D0l,Jerry,Bailey,0
393,FKSHAcda6kMX,Jeffrey,Arnold,1
394,GpqjN0XikxWz,Robin,Lynch,1
395,xXXJQh,Deborah,Jordan,0
396,G6Zsvhs,Dorothy,Brown,0
397,Noat3t3,Robin,Boyd,0
398,MO8J7Cj3,Jonathan,Duncan,1
399,Glnl2d7,Brenda,Pierce,1
400,0OJU3ega43,Susan,Austin,0
401,hfFZ6Wstonmq,Doris,Wallace,1
402,B1i9BWDav0EG,Jimmy,Allen,1
403,Za9qNzAMf,Chris,Garcia,0
404,zOkVgB,Ernest,Sullivan,1
405,VsR9U8,Kathryn,Hill,1
406,Cm0RYmFqALv,Dennis,Bryant,0
407,U8Shc00,Victor,Woods,1
408,AuZicfgvFYm,Laura,Ramirez,0
409,LbdkQWCKEwHn,Gloria,Gray,1
410,SpaOvmniAdH3,Charles,Wilson,1
411,QLzT5I,Brandon,Jordan,0
412,i7OAnKhNH,Elizabeth,Moreno,1
413,8ENjWj5,Victor,Watkins,0
414,blMv2K,Evelyn,Murray,1
415,9r5s9V,Irene,Howell,1
416,9L1xYr9bvyK4,Kevin,Porter,0
417,lMN9gDPY7p,Andrea,Ryan,1
418,7IK4pil9,Jimmy,Garrett,1
419,Beu7CyZSisY,Jeffrey,Hicks,0
420,VXRnSOLZpUu,Pamela,Kim,1
421,2r06jRbC1,Rebecca,Hunt,1
422,4UN632doUWV,Albert,King,1
423,gkybC9,Shawn,Hamilton,1
424,ZoKp42,Judith,Romero,1
425,06kpVzZx9DF,Louis,Hayes,0
426,VP3DCbX,Wayne,Wilson,0
427,la9Xx6Vkjx,Lori,Ruiz,0
428,x2AaLXbpPK9k,Sara,Simpson,1
429,P4KDP5SdN6j,Alice,Jordan,1
430,9561MxTh,William,Frazier,0
431,zT1CWlM,Phillip,Duncan,1
432,DIwYEUjufAw,Melissa,White,1
433,cNUYZGJXe,Michael,Shaw,1
434,yVQENUvl1zlT,Harold,Washington,1
435,w1IxM0Viw,Helen,Moreno,1
436,VDghgm2j2,Jimmy,Lawrence,1
437,3fCLWYH,Teresa,Burton,1
438,Gu5HPQPmw,Julia,Lewis,0
439,IAXb14djE,Nancy,Powell,0
440,yOA3KMcyek1l,Jose,Edwards,0
441,3YJymGcvWMJ,Sara,Frazier,0
442,yWUaLj2OZ,Michelle,Peters,0
443,wxEkF1,George,Rice,0
444,vCAwjc,Larry,Hernandez,0
445,XcI2aXPKVMdw,Steven,Palmer,1
446,EUiPVNffuW,Aaron,Larson,0
447,uOvvn0kS,Debra,Henry,0
448,FL2qnicKnjW,Shirley,Lawrence,1
449,6iIeoZs,Ryan,Stone,0
450,XAlkQvhQ,Albert,Vasquez,0
451,Vsp5fp,Christina,Howard,0
452,oEpiFcKxynH,Julia,Rose,1
453,2MheIUPqMCwm,Lois,Bell,0
454,xlMJyUiJt,Helen,Medina,1
455,QNKYyClqea,Virginia,Duncan,1
456,f0KssA8u,Ruth,Nguyen,0
457,QppTg3GT8xq,Mary,Chapman,0
458,gOiMA9,Albert,Howard,1
459,xRuDS4,Michael,Rice,1
460,EgqXVxEm,Arthur,Hughes,1
461,pNv5QpVpa,Jack,Watson,0
462,DnHXnZbcU,Billy,Perez,0
463,ykiFVR,Eric,Banks,1
464,EVg2Axu,Tina,Foster,0
465,hmN3RwOoUeE,Carol,Miller,0
466,4Tfg3YQmmS,Gloria,Hanson,1
467,RSbLo8of,Gerald,Bowman,0
468,RjV5aD,Diane,Washington,0
469,7AVVJvgodX,Tina,Medina,1
470,KcqP7ZGk,Craig,Walker,1
471,FTrE6iZpXQy,Clarence,Mccoy,1
472,1HTcWHqyQP,Joan,Flores,0
473,jUiiXsOE,Phillip,Lee,1
474,WFthmjjx,Peter,Phillips,1
475,jtYg3XPe7717,Jesse,Watkins,1
476,b0mORAXgWfrG,Lori,Hart,1
477,9qmHEybI,Gary,Dixon,1
478,xXNrx32,Kimberly,Hamilton,1
479,IWJv2X,Billy,Ramirez,1
480,1fkQlymipq7,Lillian,Baker,0
481,BYVhSsUqDcS,Frank,Weaver,0
482,7ZNyA67WL,Jane,Hunter,0
483,4TZfHxk,Mildred,Rice,1
484,5YjyPr,Gerald,Flores,0
485,8sMlph,Melissa,Jacobs,0
486,NQD1CXgSzgJ3,John,Payne,0
487,TTODAm,Henry,Rice,0
488,ThqKcbvVGrX,Samuel,Young,0
489,NcgOBCR0cRi,Kathleen,Richards,0
490,bgtdJmBn1VR,Samuel,Perez,1
491,GlOOdb,Diane,Robertson,1
492,5OicyN7,Frank,Edwards,1
493,MuSFHm,Donald,Hall,1
494,EgbveZRl7,Lois,Mason,0
495,n2Jgu8uf0,Lawrence,Arnold,0
496,Uf32KihXoazG,Janice,Knight,0
497,TGMdEmuDkJ2t,Tammy,Gibson,0
498,hImUAq,Harold,Mcdonald,0
499,CjCOFqR5g,Samuel,Scott,1
500,EvgyW8lu,Daniel,Romero,1
501,3rdEKvn,Craig,Myers,1
502,zBbvDEadRcN,Richard,Fox,0
503,9xx9Q5zaA,Steve,Sullivan,1
504,eCGNnbSM,Judith,Reed,0
505,baQCQDl,Edward,Gilbert,0
506,2DZQTz,Peter,Hayes,1
507,cJau2IPCFcz,Jacqueline,Baker,0
508,GdtJPvIoqv,Ernest,Cunningham,0
509,PktQtK03Yc,Carolyn,Vasquez,1
510,9tLbF0F,Peter,Carter,0
511,4ugLHeYnZ0,Anne,Foster,0
512,7AMm42iBEW,Raymond,Hawkins,0
513,SXjfBHvbHDz,Carlos,Long,0
514,475PYnfRD,Louis,King,1
515,dQTFbg,Jesse,Holmes,0
516,MVnfMUbeN,Michael,Larson,1
517,k4ouddyk,Julie,Reed,1
518,Ik7M6zX,Rachel,Howard,0
519,nqqZDk74,Wayne,Ward,1
520,VgIrwnvjr,Henry,Perez,1
521,aKpCC2HsR,Eric,Burton,0
522,XksQk3X9hxj,Adam,Wright,0
523,k5b0vONMpyz,William,Long,0
524,AFR9PUBHAxDO,Eugene,Fields,0
525,MTfoOoxYxyWc,Norma,Flores,0
526,2lsn9lXh,Amy,Sanders,0
527,r0JnGxid,Teresa,Rice,1
528,Km3DQKnO9L,Rose,West,1
529,guUdwKgFOst,Ernest,Sims,0
530,pOHAEjYK5l,Emily,Vasquez,0
531,ky1nIU,Ryan,Moreno,0
532,J8ltl6wit,Elizabeth,Mason,1
533,rnUwvu,Anna,Mitchell,1
534,QjjOEjsBX0,Jeremy,Olson,0
535,EuYg1HD,Ruby,Ray,1
536,zdxfzw2j,Juan,Thomas,0
537,jxfUsQ6s,Angela,Richardson,1
538,VjYM3iCns4aN,Jeremy,Perez,1
539,PNSvov,Nicole,Murphy,1
540,X0zLFsUmMV,Robert,Morgan,1
541,IL1GXA,Harry,Garza,1
542,SNTNRhTCzw,Paula,Weaver,1
543,wJCZxjKt,Christine,Cook,0
544,HFeK7h0eRSiq,Kathryn,George,0
545,J0MFsn5,Helen,Castillo,0
546,SpRHlqal,Russell,Rice,0
547,7CeBHfLzPJA,Irene,Johnson,0
548,DOUliHN6VOR3,Todd,Ward,1
549,mHVuAir,Russell,Simpson,1
550,q0Pp9R,Benjamin,Ramirez,1
551,VjMW7AS6TJ8R,Daniel,Ferguson,0
552,zH7vc9V8aF,Judith,Arnold,0
553,KgUforoCf9xN,Robin,Andrews,0
554,a5UOiK,Bonnie,Ford,0
555,C07urai,Laura,Ray,0
556,pJuuI1XuvoQ5,Earl,Mason,0
557,BSST6ZwrBg,Beverly,White,0
558,alxstd,Doris,Mcdonald,0
559,iDfybMQ9j4V,Rachel,Clark,0
560,KOxj2af,Anna,Matthews,1
561,inmhgkxPvKE,Helen,Wright,0
562,HO4SZSt6iX,Samuel,Cooper,1
563,BeH8KF,Earl,Mills,0
564,L8197PLMTB5,Eric,Phillips,0
565,XlIShf,Pamela,Simpson,0
566,sBL0nV0Zwxug,John,Gray,1
567,FDhNNab,Gregory,Hansen,0
568,ZaTlZTqcaBF,Kimberly,Mcdonald,0
569,MCarcGon,Maria,King,0
570,SRCbf089a,Christina,Foster,0
571,oIpw9qJ6,Julie,Mitchell,0
572,KCuHDu,Sharon,Hanson,0
573,QPxLFv,Joseph,Thomas,1
574,9DbAoZ8cx2X,Elizabeth,Burke,1
575,IZU6z3cpGL,Roger,Ward,0
576,DSeSPAm,Frank,Spencer,1
577,I4vMPW,James,Wright,0
578,l6G7fMpD7jN8,Kevin,Frazier,1
579,8ngS16PH8,Bonnie,Hill,0
580,tjCkDG0BG,Martha,Jackson,0
581,lWIfQObZR,Marilyn,Armstrong,0
582,xTd93poA,Jonathan,Barnes,1
583,imtVuEx6,Melissa,Mendoza,0
584,Tr7diTsuK422,Beverly,Webb,1
585,6sK6GpK,Steve,Peters,0
586,VSv4NQk2j,George,Hamilton,1
587,TkOZjgH06,Carolyn,Williamson,1
588,6HQEhelxt,Bobby,Cox,1
589,inqKt3z5e,Sandra,Jenkins,0
590,gds7gDL,Martin,Parker,0
591,b5adi1qNS,Emily,Hughes,0
592,sK5hMi,Evelyn,Evans,0
593,YRfn72bWEoXs,Emily,Hamilton,0
594,wqKdc6vA3jHp,Steve,Stanley,1
595,cNYEA0,Sandra,Murray,1
596,j3Wm1UOj,Lois,Edwards,1
597,ovCULhMgSy,Elizabeth,Ramirez,0
598,Yovemn,Bruce,Gonzalez,0
599,AfFFcnOWHmW,Robert,Reynolds,0
600,tQKgvnzJ,Kathy,Stone,1
601,R3iYHBD,Andrew,Wallace,1
602,DasF9uWUc6,Bruce,Wells,1
603,yg2MVbGkWZKJ,Jeremy,Weaver,1
604,pYucOiQQ,Rachel,Ward,1
605,9t3abGrL8CZ,Paula,Chapman,0
606,lAW37pCiMg,Norma,Williamson,0
607,PvndeuSq,Ryan,Gibson,1
608,Nb8MB7M51U,Jack,Ryan,1
609,uXb2LLwA5,Johnny,Sims,0
610,LdCfgkXc,Gregory,Bryant,1
611,kRpO4V,Lisa,Ferguson,1
612,zjSf3hn7oF,Ernest,Pierce,0
613,fsThccfzAyW,Albert,Ortiz,1
614,kQtn6EpFoD,Chris,Matthews,1
615,oXkzn4O6,Christine,Sullivan,1
616,wAAqc7bAk8,Mildred,Reid,1
617,JX7PKqxfcPp,Cheryl,Young,1
618,YmXofO4MDEG,Christine,Franklin,1
619,9iAs0w4LUGG,Jessica,Gomez,0
620,ny8dpIwH,Nicole,Campbell,0
621,A3d6Hq68FOu,Jack,Griffin,1
622,3xehDWwC6bhM,Gerald,Matthews,1
623,NM7yLIJ,Paul,Hill,0
624,CCXpfm,Lawrence,Vasquez,0
625,oEDfEicIE8dQ,Roy,Clark,1
626,qlxSe06YE,Eugene,Marshall,1
627,bhHRWpf,Diana,Spencer,0
628,9r9w1VFYLtL,Michelle,James,1
629,yYDlIV,Irene,Reyes,1
630,1anHIzbMhaLw,Daniel,Cole,0
631,hufTmVxb,Helen,Pierce,0
632,jZYYF2wqHAW,Beverly,Reid,1
633,EFveVJpih6,Howard,Hudson,1
634,bRoQ4W52L,Russell,Reyes,1
635,nukQfhq,Heather,Gomez,0
636,enbEuZQNyLaC,Janice,Garza,0
637,Fp7A0i3,Julie,Carter,1
638,q8fmIt,Shawn,Cox,0
639,RbjqMFz,Patricia,Carter,1
640,BaWaYkC7W,Judy,Frazier,1
641,9UUird3Ww,Jerry,Ramos,1
642,A1j6uugcVM7,Clarence,Burns,1
643,npnWpSSJu2,Gerald,Smith,0
644,sA8DbzpcvDbe,Steve,Powell,1
645,NnvqSfPiej,Brian,Sullivan,0
646,Q8t6md2f,Terry,Morgan,1
647,TImvKL40,Karen,Reynolds,1
648,5z6XgR39LOx8,Annie,Dunn,1
649,4DEaUzpe,Helen,Green,1
650,zUkxBgsHw27Y,Evelyn,Mcdonald,0
651,0xTh99xO,Debra,Watkins,1
652,GXlSg8uH23m,Peter,Howell,0
653,x0P5zv2ZDX,Carlos,Long,1
654,hRiHeVSI,Aaron,Gonzalez,0
655,VZ4wu8gD9,Jonathan,Greene,0
656,duTkVbE2L,Kevin,Gomez,0
657,7rHvMx,Adam,Arnold,1
658,QOyI7NasWrFf,Marie,Jordan,1
659,7HciCOsO,Louis,Henderson,1
660,GW7cr0HRNi,Roy,King,1
661,zLNSuqY889Ed,Louise,Hughes,1
662,zwPQYJh8,Margaret,Simpson,0
663,DfC8HsddN,Terry,Lopez,1
664,FWWSKJLYaO,Todd,Harvey,1
665,fjg5I4v34L,Juan,Simmons,0
666,RCnsEQYPr3,Kenneth,Ryan,1
667,hKClwIB,Jerry,Foster,0
668,c1ETveBVbo,Kathy,Cruz,0
669,vR8Ip0OFSN0,Jerry,Harrison,1
670,UVJF9we247Q,Debra,Lawson,1
671,iMcNEgKg8Mh,Janet,Washington,1
672,cGI6G40u4Y,Diana,Hall,1
673,8g43uyM3oB7l,Gregory,Wells,1
674,8Tlt5dAOUWu,Nicole,Pierce,1
675,t3QTFBAgQ6Q,Joyce,Stephens,1
676,kf7yUCOZgCaW,Raymond,Olson,0
677,Rm7i05jzr,Arthur,Bishop,1
678,SPUT3C4L,Kenneth,Reynolds,1
679,Aho2uJm6I,Alan,Larson,1
680,zuGRvebDQW,Patrick,Reynolds,0
681,IZ4FrKu,Peter,Wright,1
682,NprbdGkFCV,Dorothy,Richardson,1
683,3eyRx23S,Diana,Brown,1
684,OHEdbALEo,Diana,Campbell,1
685,ZzgAQPcg,Joe,Boyd,0
686,NX3QJNv,Aaron,Evans,0
687,cCc4DL,Gregory,Castillo,0
688,XstcrcStEKf6,Walter,Simmons,0
689,fPaGhj2pWO5n,Bonnie,Johnston,0
690,qg1oCh1iHA,Louis,Henderson,1
691,U5HUnehzH,Anne,Chavez,1
692,Y0Iu1F2C,Amy,Mccoy,0
693,44ddCeuq3,Clarence,Owens,1
694,uIi7BZ2e8,David,Dixon,1
695,p5NYyPbPLg,Jesse,Roberts,0
696,7buq37E0MbO,Melissa,Shaw,1
697,gcMgwt0lj,John,Adams,0
698,UkNgUZpf,Sandra,Morgan,0
699,MGmQfoep,Brenda,Bell,1
700,1xZBKmXPe,Thomas,Hansen,0
701,4Pax2H,Earl,Moreno,1
702,ooK6T5AX9dz,Ronald,Bradley,0
703,LpCfpD7Y,Roger,Greene,1
704,JDijsk,Judith,Owens,1
705,Xm5KTJ,Lori,Mitchell,1
706,Bul3OgY8o,Emily,Jacobs,0
707,MTfZecjM,Marie,Andrews,0
708,3dEW4cQQ,Jonathan,Olson,0
709,wkqB1p5TLxY,Jose,Burton,1
710,FCX0DRQEgXl,Barbara,Mendoza,0
711,4sYoA5v,Andrea,Armstrong,0
712,RlxSD3mVI,Alice,Ortiz,0
713,YboLaLyyjKiw,Helen,Wheeler,0
714,ISKUTu27AuF6,Dorothy,Ferguson,1
715,rCpWTQTG,Kathleen,Banks,1
716,VGo5tGSCCQ,Anne,Knight,0
717,OUiRunGoqXNE,Carol,Jordan,0
718,W9RpR1Qg,Jonathan,Walker,1
719,d2B0PZ,Peter,Ford,1
720,bjol4Ktx3MnZ,Keith,Taylor,1
721,m3LlH8,Antonio,Burton,1
722,kUjVVYCkM,Jimmy,Moore,1
723,rMO6L6Zg,Lisa,Hughes,0
724,Ok1MqwLzn6DR,Timothy,Carroll,0
725,b3dvL1RlfS,Sharon,Davis,0
726,YVf1FGi8,Edward,Romero,0
727,psR9Y3413Q,Nicole,Mcdonald,0
728,itZVtaztbb,Steven,Davis,0
729,UKGkS00VV2vP,Earl,Kelley,1
730,qR0yeUmH,Sarah,Sanchez,0
731,Gzu1Ov,Steven,Alexander,1
732,VMUiqU3MRc,Michelle,Hall,1
733,r0LLpoo2TPI,Evelyn,Wright,1
734,Cz2Shyf0Tb,Roger,Greene,0
735,aPBY17tB,Jason,Cooper,0
736,AIUkikijy0,Rebecca,Harrison,1
737,1NgiD63EFns,Joyce,Berry,1
738,ic0FRMh1PK,Marie,Lawrence,0
739,zQGtfZ4Fy5,Brian,Willis,1
740,zBNd86,Joshua,Hansen,1
741,kDz5yI,Scott,Gardner,0
742,5L8YWuAwQ,Elizabeth,Henry,1
743,AIIIdgR,Christine,Ferguson,1
744,RPMvWc,Kimberly,Daniels,1
745,hHVxNS3pBmOK,Patricia,Grant,0
746,OVfxVK,Theresa,Stewart,0
747,HOPghAN5cQ,Gerald,Turner,0
748,OBRNcKbJm0tE,Carl,Black,1
749,qRmoQcOXYe,Jimmy,Wells,1
750,4A26MbH,Donald,Richardson,1
751,yuuTfN,Sean,Martin,1
752,JW6Gxp4v9K,Nancy,Kelly,1
753,FjrpCJ2,Denise,Palmer,1
754,ENCS6kXkBeK,Russell,Dixon,1
755,RfA2EmgoVDH,William,Johnson,0
756,5y21pa,Raymond,Long,1
757,8WgfWpq,Steven,Graham,0
758,YdDfxC,Heather,Ramos,0
759,YMW4RYBa,Dennis,Morales,1
760,UxsIrI8sd,Shawn,Gordon,1
761,ocxlwxUe,Theresa,Gray,1
762,00mKbIyfnch,Johnny,Dixon,0
763,9N2tF5S3NFg,Walter,Daniels,1
764,RRAKcLoLpPf,Anne,Davis,0
765,WrBRqZ,Sharon,Grant,1
766,dtpNR5NIIX,Janice,Greene,1
767,G5VJKSz,Amy,Nguyen,1
768,90nlwO,Aaron,Armstrong,1
769,2yBpXmS,Deborah,Banks,1
770,rUX7JZY2B4xN,William,Crawford,1
771,TTVDgD,Terry,Arnold,1
772,G2irkk,Carol,Green,1
773,RVHefycxup,Doris,Burns,1
774,sqgCsH4,John,Harper,0
775,jT5Oe1,Carlos,Scott,0
776,MW3oEW,Katherine,Bryant,0
777,MxlvNF,Phyllis,Gonzales,0
778,r9tLqtN7Mb,Lisa,Campbell,1
779,1qeAAh,Rebecca,Johnston,1
780,QLtQoW4LaFEf,Martin,Robertson,0
781,BQmbW0c9,Raymond,Greene,0
782,CLICZX1Aybl6,Joyce,Kelley,1
783,eQarMggDhqMo,Lois,Flores,1
784,Sii353GNGYYV,Eric,Day,0
785,f67yaMCZzxHe,Scott,Hughes,0
786,Ik2cbD,Sandra,Medina,1
787,cS1yo7U,Doris,Riley,1
788,WAU75kEV2K,Kelly,Hayes,1
789,CpFZlcKZ,George,Young,1
790,2j4F11ICkBEQ,Russell,White,0
791,xG6cOYrhC,David,Brooks,0
792,IJ1Fds6uo,Shawn,Bishop,1
793,FepxK8kRfn,Terry,Young,0
794,mNXFEnVNFQo,Philip,Young,1
795,NQ0VqdgFEG,Wanda,Washington,1
796,zZHyizI,Steven,Rodriguez,1
797,HRfkicCvBSmW,Gregory,Shaw,0
798,QamKmMzsc,Carolyn,Cooper,0
799,mjtsIL8W,Andrea,Chavez,1
800,o8SzuIK281,Kathleen,Boyd,0
801,oLJmRRnr,George,Weaver,0
802,5T1VmK,Sara,Dunn,0
803,r0T1ao9u0uIX,Richard,Kim,1
804,NHoEQJAK5X,Irene,Chapman,1
805,fjmnh7i,Evelyn,Mcdonald,1
806,TD1MkOaVL,Juan,George,0
807,uMeVa8rI9VdV,Adam,Wright,1
808,O6HK2KW7SVM7,Michelle,Powell,1
809,tDyc9Lu,Ryan,Nguyen,1
810,ffnpmgzv,Shirley,Carroll,0
811,ZRottpGh0,Jerry,Hudson,0
812,cjTi32Kix,Jean,Palmer,1
813,k1tPslTW,Joshua,Mason,0
814,M8sqOuwL,Jerry,Owens,1
815,idBBqL,Alice,Franklin,0
816,EO7HIA,Jacqueline,Rodriguez,0
817,kmqllpL,Linda,Graham,1
818,uvyJYS0LJ,Edward,Simmons,1
819,GeiPDlF,Emily,Rose,0
820,RCKjWePyiT5s,Evelyn,Cole,0
821,WZ431d,Lisa,Rivera,0
822,rhGhREUE,Anthony,Russell,0
823,7cgAIEE,Robin,Montgomery,0
824,NRgbdJ,Joe,Gilbert,0
825,DoPObHzfar,Robert,Hansen,0
826,c1YCodf,Lillian,Bradley,0
827,blpkBX,Keith,Henderson,0
828,A2zo4m,Harold,Lawrence,1
829,Go9ywSj4a,Eric,Burke,0
830,gbwn2Aq3n3K,Carlos,Hudson,0
831,ceDnI2mz,Paul,Long,0
832,XoTiwvtuxM,Carol,Ramos,0
833,G3NXgi3Xv,Kenneth,Bowman,0
834,y7Y1658Jmyq,Gregory,Shaw,1
835,w8ToL7dd,Jeffrey,Hughes,0
836,EiHzzKwv,Bruce,Reid,0
837,Wju6S7HJ3s,Wanda,Barnes,0
838,OBaUHRTwN2,Rachel,Marshall,1
839,0QPtp30o,Justin,Carpenter,1
840,IhJUgF,Mary,Riley,1
841,zG8GXGt,Victor,Mccoy,1
842,HsYAOazmxy,Margaret,Reyes,0
843,udvLpD6gC,Margaret,Hunter,0
844,Vk95D2UjZ8,Christine,Walker,1
845,W2NcCZ,Emily,Wheeler,0
846,1Dw7yr3bA,Sara,Gonzalez,0
847,F0ogtK,Michael,Harris,1
848,8mAzSxsyCP,Stephanie,Chavez,1
849,8Kam9OPd6m,Wanda,Rose,1
850,oPN42HtxrZ8J,Donna,Holmes,1
851,rIbOH0APs7,Gary,Diaz,1
852,GAqaqPnZr,John,Sanchez,0
853,vpddcU51,Frank,Little,0
854,pdjLuvcTa,Julia,Stevens,0
855,M9QaRvjpqI,Janice,Wallace,0
856,N0BZbtL3,Janice,Wheeler,1
857,8rATvXjiW5y,Juan,Ortiz,1
858,NZRbV41Yx0wc,Adam,Diaz,1
859,zNGverfeC7,Susan,Ray,0
860,SLtsy3lt3,Ralph,Parker,0
861,qUbh3a0Lw,Laura,Morales,0
862,b7DWYnHrCj,Jeffrey,Webb,1
863,p9PU8BPbri9o,Judith,Reynolds,0
864,pVRsOZ8,Karen,Stevens,0
865,cEEbEMlnbVnI,Jennifer,Robertson,0
866,fUsgpw,Dennis,Rodriguez,0
867,oYWYTVMV0,Willie,White,0
868,eFvMhOkCe,Alice,Reynolds,1
869,I1ZgZl,Rachel,Hall,1
870,ACPCzqJC4i,Diana,Peters,1
871,xvV7dxCV,John,Mcdonald,0
872,wse7Y51kGH,Annie,Ray,1
873,CFzeuXUOs,Henry,Little,0
874,nJRSHJEh,Daniel,Watkins,0
875,FbwLlerCJ3d,Victor,Torres,0
876,izGjAbSRsggG,Patrick,Andrews,1
877,t2dAD0PDixZU,Harry,Lynch,1
878,PL8nAWUtECCx,Jack,Mills,0
879,YO7T6Fl80lE,Jacqueline,Thompson,0
880,PcU0sBszJW2,Robert,Rice,0
881,LF2BELWq,Margaret,Fox,0
882,vgAqdQaFUYYA,Judy,Morgan,1
883,GKnqOh,Heather,Martinez,0
884,2YCX09cOdX,Andrew,Peterson,0
885,CKiynfB,Anne,Baker,0
886,f7ts87RZN,Kevin,Morrison,1
887,dX9nTas22,Irene,Hicks,1
888,WOtHFq4gA,Julia,Moore,1
889,DdTqia,Eric,Banks,0
890,uvMzyE1CLITX,Gregory,Jenkins,1
891,Ic7z2ovD,Frank,Cole,0
892,g4PcpUIo,Peter,Berry,0
893,OB1Dxme34iGb,Bonnie,Chavez,1
894,qbcNpJ2P7h,Charles,Ward,1
895,sDehABGb1,Katherine,Kelley,0
896,bN9IVaT,Theresa,Porter,1
897,W1Bei1N1Kyn8,Philip,Owens,0
898,PdXM7mIYCYc,Harry,Evans,0
899,jweRf6,Phillip,Meyer,1
900,3V75qgCqye,Lawrence,Ortiz,0
901,kifj3FGK,Stephen,Woods,1
902,ye7ayT9D,Joyce,Griffin,1
903,DeKnntVTa2t,Todd,Garcia,0
904,N889TzIGyuR,Anne,Olson,0
905,nAInfgQzAGpU,Annie,Simmons,1
906,goTj0Q,Joe,Sims,1
907,juGJhGKtmj,William,Austin,0
908,QLL7Kr3,Joshua,Barnes,1
909,Lmc1XqvK8Y8,John,Howard,0
910,yqMZYjfcyCwV,Howard,Greene,1
911,6HxfQt,Philip,Lopez,1
912,gp1DqUXxKp,Patrick,Schmidt,0
913,NpFURbB,Jane,Chavez,1
914,iGqHGB1KCza,Mary,Garrett,1
915,hECaO8HY8,Debra,Duncan,1
916,JgzCqc6i,Shawn,Robertson,1
917,WodsVpf,Melissa,Franklin,1
918,ab3hKMObOn2U,Sara,Walker,1
919,bE1Swv,Carol,Wallace,0
920,8q13anFdYBTI,Barbara,Wright,0
921,nnmk84w,Louise,Reyes,0
922,03tapi7,Thomas,Parker,0
923,ijfNlF,Terry,Peters,1
924,nCADKE0,Carolyn,Williams,0
925,krFtrpQv,Elizabeth,Meyer,0
926,Ny5YxjnL30,Joan,Barnes,0
927,0ARNdDGH,Mildred,Armstrong,0
928,WwLfDAAcON,Harold,Foster,0
929,SzxX2wt0wiC,Ann,Grant,1
930,qUSQJXFiv,Benjamin,Woods,0
931,izqDHCiR,Samuel,Taylor,0
932,N2uxWV,Antonio,King,1
933,yc1tX9uy3Cww,Rose,Collins,0
934,pnK2CcGh,Marie,Hayes,0
935,n2st3nx49OXL,Jessica,Robertson,1
936,bzL1uxg,Eric,Spencer,1
937,5CqlRTyAqLT,Carlos,Phillips,1
938,L9E42t5,Paula,Ryan,0
939,cQCpNf5OpA5,Jose,Perry,1
940,lZvieh6,Carol,Watson,1
941,9fq1OG,Roger,Ward,0
942,l4jDW0wL,Kevin,Burton,1
943,hoewDmd7,Diane,Castillo,0
944,pBkpQDbwdK,Phyllis,James,1
945,ffjQjT23t2t,Robin,Carter,1
946,ixGoO5GTCG,Roger,Hill,0
947,1ovJjKme,Frank,Jacobs,1
948,8wDHysE,Martin,Miller,1
949,IMyykb5PAF,Walter,Peterson,0
950,Dpcclg8,Lillian,Elliott,1
951,RNKs2Cl4,Laura,Fuller,0
952,y5ermVIKts2,Annie,Freeman,0
953,CCqsRNbUnc,Howard,Hanson,1
954,jgZ4FuodjiW,Margaret,Mills,0
955,WTMWHmIcqZ,Jose,Miller,0
956,yPrEeg,Joyce,Rogers,1
957,UfGkE5OiM,Jeffrey,Collins,0
958,O6pNclRqMZvQ,Julia,Snyder,0
959,XF561ID,Steven,Holmes,1
960,Pql5c9wF,Gerald,Woods,0
961,KOt7ZjEixRr,Douglas,Moore,0
962,fVv2x2nUN,Matthew,Ross,0
963,E9gDxQ4cR,Nicole,Lynch,0
964,3NP0Qf,Juan,James,1
965,hDXLsc8F4c9,Philip,Patterson,1
966,Ma12ljdRSCwj,George,Chapman,0
967,F2mOxlHHh,Carol,Stanley,0
968,Tq8qdJ4pv,Kathleen,Graham,1
969,cLWads,Kathy,Collins,0
970,1of3gP,Michelle,Rivera,1
971,pJcLONpkri,Lois,Hunter,0
972,Bznu7p,Randy,Fields,0
973,Oge08L,Edward,Walker,0
974,RA1DCksWxHUG,Jerry,Ward,1
975,ItT1ZUcxi1uZ,Bonnie,Gordon,0
976,GRBCQrZ,Joe,Barnes,1
977,o6Js70hnp,Shawn,Davis,0
978,BfXTGi9J,Philip,Gomez,1
979,n3MqyB,Albert,Mccoy,1
980,4gSCwL7ZK,Craig,Fields,1
981,XRoD4HLtZCLG,Michelle,Sullivan,0
982,zMY0Oo5,Marie,Mendoza,1
983,EFEnFQCnikmb,Charles,Burton,0
984,vRBObwSEwfX,Eric,Lynch,0
985,xIrvJy,Andrew,Mitchell,1
986,cROtDIvtqC,Aaron,Snyder,0
987,IZGSx4FR,Robin,Watkins,1
988,3EWJSDU3Md,Randy,Dunn,0
989,J1MvPNjyn,William,Armstrong,0
990,PumIzRK2M,Gary,Richards,1
991,uTHvIc94,Debra,Bennett,0
992,LyjUI9,Jean,Rose,0
993,2uAxmpBKqv5,Marie,Hunter,0
994,FeWiJ5KQ,Frank,Morgan,0
995,oRLfdUH8q,Kathy,Kelly,1
996,5zMKBG9,Russell,Wallace,1
997,ms02Fv,Gary,Montgomery,1
998,SDVpkM,Virginia,Wallace,1
999,9ExicPGs,Donald,Roberts,0
1000,pDcYrp48BVKd,Kathryn,Carr,0
1001,QIEh0C5yBSs,Kathy,Garcia,1
1002,6r5noblP1A,Walter,Morris,1
1003,fOWFb2HD,Julia,Henry,0
1004,FqeWJ5K,James,Berry,1
1005,sq5Qncu7vYj1,Harry,Johnston,0
1006,nqetbeQ,Tina,Perkins,1
1007,JuDkrZed,Patrick,Alvarez,0
1008,TafyBl,Donna,Martin,1
1009,PLN6H6,Peter,Spencer,0
1010,NWB0Zr9K,Deborah,Fowler,1
1011,Wfyu0wb,Ann,Ward,0
1012,ziAQEOb,Johnny,Garcia,1
1013,lmRJqxMEhv,Kevin,Owens,0
1014,em5cAU,Amanda,Perkins,1
1015,oaVOruF8Zv,James,Edwards,0
1016,fnmOIe9G,Scott,Taylor,0
1017,4DHbHQR6,Joan,Gutierrez,1
1018,qHYdTTue6vB,Ashley,Morgan,0
1019,CPlYx6,Robin,Clark,1
1020,pc2AdzZ,Edward,Jones,1
1021,C15gmWzH,Phyllis,Green,0
1022,8RiEo7,Lisa,Smith,0
1023,A6Hi9p5vmJxF,Deborah,Kennedy,0
1024,umXrQqTpSlg,Howard,Johnson,0
1025,7qtNc5Jq7v,Samuel,Medina,1
1026,mrWXYsBe,Tammy,Burke,0
1027,UtWFfzP0Mf5K,Wayne,Bishop,1
1028,nTHNy8wvM5,Joe,Perry,0
1029,gIQNIll4HS7R,Emily,Grant,0
1030,CM7Gke,George,West,1
1031,h26ACWDXLF,Charles,Watkins,1
1032,uSu6fUu,Scott,Lee,1
1033,NqGLmF,Cheryl,Foster,1
1034,dDtrbPo,Kenneth,Stewart,0
1035,vbgVcpjSkzO,Todd,Sanders,1
1036,jRWEIUpdj,Douglas,Ruiz,1
1037,UCSdI8ieX,Sandra,Wright,0
1038,VXFbJsJnT,Angela,Campbell,0
1039,YNWuX3D7Zc,Mildred,Price,0
1040,PLKvTZIj,Susan,Foster,0
1041,AeBdWCqJ,Randy,Stephens,0
1042,l0qBwe,Ernest,Kelley,0
1043,A6nYxrpd,Shirley,Morris,1
1044,wyj3ZTLtiyG,Stephanie,Bishop,1
1045,kva2fyzBC9,Frank,Simpson,1
1046,g53ovFKNYq,Frank,Meyer,0
1047,QVuK0pe5CjB8,Andrea,Carroll,0
1048,JZX03f2,Jean,Webb,0
1049,X7KWb1P,Christina,Woods,0
1050,SgEvOVA7,Mildred,Ramos,1
1051,Tq2uJujVp,Sara,Kennedy,1
1052,syEzln,Donald,Harvey,1
1053,e2k2IDY,Walter,Gomez,0
1054,cezgXqvcuQxR,Emily,Garcia,1
1055,leAub9DxkRt,Deborah,Meyer,1
1056,1qTiMBRAkX,Diana,Day,0
1057,mugL8IzP,Benjamin,Holmes,0
1058,gm7lvChLSOe,Gary,Hawkins,1
1059,eNb67K5Crgv7,Albert,Reid,0
1060,ecGsb8n3jlk3,Fred,George,1
1061,FMa4PDmRe,Paul,Bennett,1
1062,4izOPOVQscWN,Cynthia,Robertson,1
1063,fzuVg2jzilb,Angela,Murray,1
1064,yulAPaFc0,Lisa,Hicks,1
1065,4ghcRgXmA8qc,Kathleen,Howell,0
1066,5dUajdiR,Eric,Duncan,1
1067,BWXSmFAjok,Diana,Morales,1
1068,LC5uvZc0W,Joyce,Hunter,0
1069,MKih8dQJHY,Wayne,Rivera,0
1070,Sg9DViRJrNg,Jean,Morgan,0
1071,KCeogENui,Julie,Moore,0
1072,WhH0iSC,Virginia,Jacobs,0
1073,wtp2Dia,Joan,Rogers,0
1074,LgE005OIX,Arthur,Gomez,1
1075,z2heLVOkxQ,Emily,Bell,1
1076,dahQuK6C,Mildred,Wells,1
1077,qavDUCAN9d,Walter,Harris,1
1078,X1uhBcJLmdq,Willie,Thomas,0
1079,brpn6tnQ0i,Roger,Harvey,0
1080,7ztgnRm,Fred,Woods,0
1081,FDWOBWiwz3,Todd,Romero,1
1082,cLHpuLTCQ9q2,Andrea,Burton,1
1083,ZfCp72,Cheryl,Carr,0
1084,SR0yo4BHpkcL,Larry,Gonzalez,1
1085,8n7a1Uq4hk,Donald,Nguyen,1
1086,HJfUwOBYdm5,Jose,Hanson,0
1087,VpBrNHb33VnQ,Ralph,Gilbert,1
1088,NsJFTU1BzxUK,Dorothy,Green,1
1089,pfN0MGQl6G,Adam,Arnold,0
1090,yodGNP4xOh,Alice,Rogers,0
1091,XhGuK9Ib4mdW,Cynthia,Bowman,0
1092,05K9ogOR,Robert,Henderson,1
1093,W6DAlmnon,Victor,Ferguson,1
1094,gJbrYtaBHb,Bonnie,Freeman,0
1095,UW763RiE,Lori,Diaz,1
1096,75Yo3tQ4,Chris,Fisher,0
1097,78dDvi4oNZut,Jessica,Perkins,0
1098,gx1dnjp2W,Sara,Phillips,1
1099,SWln8GNIXBJd,Donald,Stephens,0
1100,9NG1UgUU,Craig,Gutierrez,0
1101,hC9oVTgNn,Ronald,Patterson,0
1102,oJlmxr,Lois,Hunt,1
1103,aj56cSmPK2F,Sean,Spencer,1
1104,1jKmfOLgt1,Elizabeth,Parker,1
1105,XHx0QPoOx,Susan,Gonzales,1
1106,UN4iUN2,Bobby,Holmes,0
1107,fnTmsYdhG26K,Howard,Hill,1
1108,08S1imkHO7in,Shirley,Ruiz,0
1109,gCsUMn,Kelly,Nichols,0
1110,o7Y1Z6fLpjf,Daniel,Tucker,1
1111,0iawqxIMUA,Roger,Richards,1
1112,CT8cbvt,Amanda,White,1
1113,QQKAxjxHD,Janet,Foster,1
1114,oY8cdLhIza,Harry,Chavez,1
1115,9C1tjFj9,Billy,Howard,0
1116,ZtZXOkx,Nancy,Campbell,1
1117,tDr7lA5,Sandra,Lopez,0
1118,Ey6PuMQCcqwT,Lillian,Jones,0
1119,ffsFgik,Kenneth,Lynch,1
1120,FQAZQjP,Joseph,Ross,1
1121,Bdv2OFbOO,Nicholas,Watson,0
1122,VhGEATJc9lV,Bonnie,Morrison,0
1123,pBVFhFrI6O,Julie,Hansen,0
1124,RARlSj,Pamela,Garcia,1
1125,CIezbY,Juan,Williams,0
1126,WfluUcc9,Angela,King,0
1127,rxlO0XUBoXw,Sandra,Powell,1
1128,pYGtKC,Randy,Thomas,1
1129,l23day9sGkK,Carl,Kelley,0
1130,YvgY0Bpq,Lori,Nelson,1
1131,J3oyOJ7siK,Deborah,Barnes,0
1132,EmLnBcjMom1F,Stephen,Robinson,1
1133,L6r8HELYmxM,Melissa,Young,1
1134,LN26clp3B1l,Ann,Nelson,0
1135,mWAHZdRkP,Thomas,Hughes,0
1136,EPolRY21G86Q,Phillip,Ortiz,1
1137,y1PUEN,Nicholas,Wells,1
1138,Yp39l1EOKymr,Paul,Alvarez,1
1139,bXhGUQCMfU,Joyce,Mcdonald,1
1140,a7rhhvtSG,Theresa,Owens,0
1141,BE4hmIy9YP,Martin,George,0
1142,a8gxULPYl,Cynthia,Riley,0
1143,ZvJZhXKT7JwI,Janet,Bennett,1
1144,qyEX3TGH1,Diana,Chapman,0
1145,7sr386,Amanda,Jacobs,0
1146,RGd6olnpIM,Douglas,Berry,1
1147,OvdWKznp,Kathleen,Palmer,0
1148,g8e7oCZa,Martha,Jenkins,0
1149,1YLGjj,Julie,Graham,0
1150,ZNceoA,Norma,Tucker,0
1151,YH2jtkEdC,Keith,Johnson,1
1152,gVCxGYGtI,Philip,Parker,0
1153,lgbGI1EFhn,Ann,Morales,1
1154,w5lfoTIw6nxj,Judy,Powell,0
1155,0XBhkSqU932j,Paul,Young,0
1156,Pcr3tZGcO,Laura,Bailey,1
1157,pMhYt1ebJb,Jeremy,Hernandez,0
1158,dh8dBfB,Lawrence,Gomez,1
1159,Gr3kY3ABIk,Michael,Barnes,0
1160,c6ldNgHG,Kathryn,Anderson,1
1161,4QmjIpSZeSZa,Tammy,Coleman,1
1162,4BELl0n,Diane,Diaz,0
1163,RyhGQjBI,Ann,Owens,0
1164,awTnGl,Gloria,Thompson,1
1165,6Y55HcdJ8W,Marilyn,Pierce,0
1166,irZwMjrg,Jean,Armstrong,0
1167,gucnkb24VVE,Julia,Gonzales,0
1168,OEWIflpf23o,Roy,Franklin,1
1169,G1zTNS,Brandon,Peters,0
1170,iELZRlF90JOI,Kimberly,Lawrence,0
1171,uOAltU5wZx,Clarence,Hart,1
1172,19N57TOW31cy,Nicholas,Hill,1
1173,ZlpG3XF,Carol,Hernandez,1
1174,zDMkdH,Nancy,Morris,1
1175,kuoa3WnN,Beverly,Rogers,0
1176,qJxHdz4ITi,Phillip,Ferguson,1
1177,Mpt9RUUL,Phyllis,Dean,0
1178,fqsPPxD1tn,Cynthia,Carr,1
1179,uSXHC8oD4UQ,Donna,Palmer,0
1180,E8ndUI,Sharon,Martin,1
1181,KkPkyJbhnK,Jennifer,Jacobs,0
1182,E0XHCq,Catherine,Fisher,1
1183,sLCsMh,Howard,Edwards,0
1184,R16rAa,Jonathan,Hernandez,1
1185,SNHVF5b424,Joseph,Watkins,1
1186,2d8Ejz06,Lois,Sims,0
1187,feK5sdmjC,Kevin,Ellis,0
1188,omM77kuv,Carolyn,Wallace,0
1189,TRZ7qKK,Jimmy,Hamilton,1
1190,DwK77tpuqa4,Randy,Wheeler,0
1191,98npoMx3PVCe,Nicholas,Kelley,0
1192,ESsSnXOJN5km,Shirley,Robertson,1
1193,VFqfO0J7XiaP,Margaret,Robertson,1
1194,dialrgzafeO,Susan,Garcia,0
1195,Wj0KNwWWI,Denise,Perry,1
1196,E3jZJk63Q,Margaret,Pierce,1
1197,TKKlaRLCpQ,Judith,Stevens,1
1198,aowqUB,Patricia,Sanchez,0
1199,bYOEoH5A,Eric,Rose,1
1200,5fWlG9rf,Judith,Kelley,0
1201,IiYSE9nVO2h,Matthew,Chavez,0
1202,DfbnSMuwz,Theresa,Perry,1
1203,yaqRQ68MD,Peter,White,1
1204,kGI4wlOn,Annie,Carroll,1
1205,vqIk8I,Maria,Duncan,1
1206,u8cgP6f0p7,Eric,Murray,1
1207,gvTNeo78cU,Willie,Robinson,1
1208,nmFkYB,Rebecca,Gomez,1
1209,jwstHyYdYH,Steven,Hudson,1
1210,nnANFkutKR,Albert,Taylor,1
1211,9PCuTY,Jeffrey,Gutierrez,1
1212,WBIXI8vH6PHq,Harold,Lopez,0
1213,dShOim,Edward,Baker,1
1214,aYosG6QmXqr,Howard,Robertson,0
1215,pqrSe0,Roy,Ross,1
1216,2posQ1OWGAY,Justin,Arnold,0
1217,xwnEuO1npzw8,Charles,Frazier,1
1218,o9WsF6rC,Annie,Bowman,1
1219,cK5BHvyyQXjv,Matthew,Ross,1
1220,zAB8NSjo,Stephen,Richards,1
1221,HU93ud,Deborah,Richardson,1
1222,tycyBqZmlieI,Janet,Turner,0
1223,gNaXn7hIX,Thomas,Scott,0
1224,krnr02b,Keith,Hall,0
1225,a3fPj4M,Brian,Ramirez,0
1226,cb8eE3,Andrea,Kelley,1
1227,D7N1AzDPevM,Clarence,Jacobs,0
1228,d0XEzpmKVk,Ryan,Fernandez,0
1229,HULEDxmxzE,Theresa,Armstrong,0
1230,T4hcV4TY,Margaret,Gordon,1
1231,F7HpSL,Brian,Morrison,1
1232,pW83TD,Laura,Long,0
1233,PbX53p,Keith,Murray,0
1234,yCsWi4JluiS,Ann,Robinson,0
1235,3bsOCIgOapOt,Jerry,Carr,1
1236,kj3RmbYCxs,Laura,Gordon,1
1237,aDlKcKHe,Tina,Porter,0
1238,zFpqNzn,Judith,Peters,1
1239,9ZMRWF,Betty,Gardner,0
1240,d1JFRsCoddHi,Diana,Smith,0
1241,xKGpTHCTr1,Donna,Martin,0
1242,A0rXzs9ho,Jennifer,Lewis,0
1243,38A9O2MBMbv,Scott,Adams,1
1244,pcof1tQUVK,Theresa,Porter,0
1245,xx89J6,Irene,Carpenter,1
1246,9cQ7ZuX8KZNU,Larry,Murphy,1
1247,hDdcriAlRPF,Sean,Kelly,0
1248,LG83I6iz,Jason,Phillips,0
1249,6oD6hFwG1J,Jessica,Austin,0
1250,RUyOf2,Margaret,Turner,1
1251,Uoh3e0ScFF7,Lois,Larson,0
1252,9hUiGxCd,Louise,Long,1
1253,Kq3qHqTgCSQ6,Bobby,Martinez,0
1254,gaXaHEetrL8F,Wayne,Payne,0
1255,fsYehv8gJaS,Russell,Davis,0
1256,2glkt4Xcm,Mary,Ryan,0
1257,p5ZmZH,Cheryl,Rodriguez,1
1258,5gkbL3,Lisa,Morales,0
1259,cuKjnBxrCggz,Donald,Montgomery,0
1260,wWLy4wi,Matthew,Johnston,0
1261,dEPRzeGBUmwh,Louis,Allen,0
1262,USOIzga,Peter,Webb,0
1263,8WPoj3bRsPTl,Sarah,Harris,1
1264,31OTgvV0gsZd,Daniel,Greene,0
1265,aetxcEa,Gregory,Coleman,0
1266,5lWWRUOO5Sw,Frances,Burns,1
1267,6YcTg5cOH,John,Hanson,1
1268,mxQc209kVdK,Kimberly,Jordan,0
1269,75tgAuslr,Phyllis,Harrison,0
1270,QhUJApAREQ,Rachel,Washington,1
1271,iM72FM,Carolyn,Hanson,1
1272,vhzoiIpV,Ernest,Howard,1
1273,DO3feo8,Roger,Henry,0
1274,TV6HokhPC,Samuel,Jones,1
1275,SH9q4hI8tl9,Shawn,Holmes,0
1276,kauTOkx,Steve,Stephens,0
1277,N0vJGrj5w,Marilyn,Miller,1
1278,JAOEZtlG6W,Rachel,Austin,0
1279,ykajFCHN,Jonathan,Hunter,0
1280,uuSQXUc,Theresa,Elliott,0
1281,QGUTUtiAuNfF,Lori,Elliott,0
1282,PYaOwlMLnQu,Raymond,Tucker,0
1283,gxgXrQvRu,Mildred,Rodriguez,0
1284,glKVn1,Phillip,Harrison,0
1285,8XPNNZRiHEHH,Kevin,Cunningham,1
1286,qCajA3iTfK2A,Christopher,Sullivan,0
1287,tWqLmxM6tr,Angela,Elliott,1
1288,vLRFSgbAd6z,Sandra,Johnston,1
1289,jW4bFeTt,Brian,Jacobs,1
1290,KCSzTh8sLUM9,Joyce,Cook,0
1291,psqsVvl1lzz,Phillip,Jones,0
1292,StSsWl8o,Richard,Ross,0
1293,H29cqFyoK5,Juan,Young,0
1294,SBeQugbGY,Phyllis,Adams,0
1295,tTnGWhMzlRZl,Keith,Green,1
1296,lTPEv5QO,Steve,Henderson,0
1297,NeUN8nTn,Michael,Bowman,1
1298,dzQVmf51ACQk,Rebecca,Miller,1
1299,1kcldXWy,Diana,Carter,1
1300,XEZO1Mciu,Willie,Scott,1
1301,BEIykPa,Evelyn,Kim,1
1302,HB1nJ3,Theresa,Bailey,1
1303,GqCcTYy,Jeffrey,Anderson,1
1304,2RXw6dkTzNe,Michelle,Watkins,0
1305,JJ2EMO3mnFn,Eric,Harper,1
1306,yUqgjd6p,Aaron,Hall,0
1307,SRQoHh,Timothy,Wagner,1
1308,NVBTZoixHLT,Roger,Banks,0
1309,0NrlGk,Emily,Moore,1
1310,gNlezMrxNqfP,Barbara,Flores,1
1311,oafKgpKtI,Diana,Richards,0
1312,h8BRcTdsVOET,Samuel,Chapman,0
1313,xJUKwbk,Katherine,Sanchez,0
1314,JoUT2Hfj,Joan,Wallace,0
1315,trmW0J,Jeremy,Morgan,1
1316,ef8qVVBsb,Christopher,Hart,0
1317,wU7blDQUPb,Louise,Simmons,0
1318,BaSdEV25d4k0,Cynthia,Mason,1
1319,hHk7LV6j,Willie,Jacobs,1
1320,g4hNjQ,Pamela,Howell,1
1321,GAwiISHkQJ40,Richard,Green,1
1322,d1dO2i59Ecd,Paula,Morrison,1
1323,ZERHBn,Larry,Wells,1
1324,jjdC6UZQ8He,Donald,Johnston,0
1325,ko4VNDneAtm,Robert,Lopez,0
1326,XoNhc8tncch,Linda,Lopez,1
1327,t5d0UYu,Joe,Brooks,0
1328,HVMftNvrs9w,Cheryl,Austin,1
1329,cFprKs0QS,Karen,Kim,0
1330,gRTnQP,Evelyn,Stevens,0
1331,ORB3g6mPahM,Norma,Russell,1
1332,xFuiA6xvX,Beverly,Bryant,1
1333,NJDuCbR8TaqB,George,Watson,1
1334,9ZbKTj31,Jane,Fernandez,1
1335,1aI5va6A2UW,Wayne,Montgomery,0
1336,R2MajZag4,James,Cook,1
1337,iCkF4e2xG6,Lori,Henderson,0
1338,83qckMLJ,Sarah,Gordon,0
1339,JkyDIMT,Ernest,Hernandez,1
1340,xkAuw4P1,Kathleen,Thompson,1
1341,XugTkLbU,Bobby,Owens,1
1342,pzgbNi,Russell,Cox,1
1343,tYI49b,Earl,Torres,0
1344,Hoq4zIyEt,Arthur,Carter,0
1345,VKaX2as0SYfI,Joshua,Washington,1
1346,R7MnbAUQSU,Jason,Foster,1
1347,mIKwlnSe,Martha,Elliott,0
1348,PLiTTaF0oCyE,Jonathan,Phillips,1
1349,p9Oohof630,Janet,Porter,1
1350,FMpMEqeeUoLA,Dorothy,Simpson,1
1351,pg0xTtF,Charles,Gibson,1
1352,j5m1cuSbvF,Peter,West,0
1353,2EQdsY,Alice,Hunter,0
1354,A9jd3LNtY,Melissa,Gonzalez,0
1355,qAZUIIJOjjfi,Anna,Hamilton,1
1356,KMKNmiL3,Stephanie,Gomez,1
1357,m0isGl1V4,Norma,Gonzales,0
1358,XwWLunKieBN,Gerald,Gomez,0
1359,23Qz11x,Lois,Harris,0
1360,Ymg4kA6ZLd,Laura,Porter,1
1361,26ZOcNp,Philip,Kennedy,0
1362,nClmcu0hvy4,Wayne,Hill,0
1363,NmaGSE2GTjLK,Sara,James,0
1364,UWtxdgfwdN2,Sara,Howard,0
1365,2pTYenv3Jw6,Kevin,Perez,0
1366,9mcd6jBB0YgH,Julia,Thomas,1
1367,Owjv1d2,Paul,Mills,1
1368,JQpq5hb87GD,Christopher,West,0
1369,2RkNDZi1zRr,Brandon,Martinez,0
1370,C3UwwhjcuZEe,Marie,Duncan,0
1371,5QvV65gD6,Julia,Cruz,1
1372,ZQL9qa,Alan,Garza,0
1373,bChgLj6,Sara,Miller,1
1374,gAApQIc,Alice,Duncan,1
1375,PbFG76y,Nancy,Henry,1
1376,f3FylEZ3o,Andrea,Moore,0
1377,LKSxFk,Randy,Clark,1
1378,sMytkl6cE243,Theresa,Wheeler,0
1379,VXVqFc,Jennifer,Walker,1
1380,rO8jzxRqpN,Tina,Morris,0
1381,uMmRdI,Maria,Ford,0
1382,CNpzxzdi,Annie,Oliver,0
1383,QqDgZHaE,Stephanie,Powell,1
1384,54M0l2iGvi4F,Cheryl,Rodriguez,1
1385,wBjvDGv,Carlos,Schmidt,1
1386,3KWAPR,Lisa,Ortiz,0
1387,dFK55wag853O,Clarence,Scott,1
1388,LPLGhitu,Julia,Campbell,0
1389,xmVdO9rwC,Gerald,Dean,1
1390,1XKeD12Y4,Earl,Kim,0
1391,4FYI8WSb6,James,Rivera,0
1392,KbMcAKttAoo,Jerry,Mccoy,0
1393,PQZcUE,Jonathan,Howell,0
1394,iumCycEn,Paul,Little,1
1395,2Fa1aQ0t6,Anthony,Lewis,1
1396,AO5ed8YE,Victor,Young,0
1397,JtbqNjtuQrA,Joe,Willis,0
1398,uQtoLp43,Joseph,Hart,1
1399,ZtDPjepyfX,Charles,Murray,0
1400,ez0yCRG,Jessica,Reynolds,0
1401,aaIFktijB,Pamela,Hernandez,1
1402,HL1NIH,Beverly,Vasquez,1
1403,tCPEN6,Alan,Harper,1
1404,WSZcDmyg,Gerald,Matthews,0
1405,NMtwHmZQuUe,Carlos,Chavez,1
1406,rU9CoijBv,Karen,Rose,0
1407,iZ1DRQ4Mf,Jose,Woods,1
1408,JF1sX4G5x,Carlos,Campbell,1
1409,LWheKeMBxqDA,Philip,Adams,0
1410,76lWns9,Larry,Harris,1
1411,ONoQyxhbJpz9,Ashley,Sims,0
1412,TczEJ3,Martha,Barnes,1
1413,PXluKZPIj,Kelly,Baker,1
1414,kIcBGpAMOu,Arthur,Weaver,0
1415,TavhoW,Eric,Vasquez,0
1416,AhWYWN,Kathy,Fernandez,0
1417,lEtMlJ,Helen,Fox,1
1418,FgK8esFVvDY,Phyllis,Anderson,0
1419,b5RzFp0M,Walter,Collins,1
1420,Cu8cJZrzaFh6,Maria,Richardson,0
1421,GTEperGFNb,Brandon,Murray,0
1422,dE3SmGN,Steve,Sanders,1
1423,xhbCAN,Anne,Castillo,1
1424,NWl9elxDtK,Jacqueline,Rose,1
1425,vbSWkm41PfE,Andrea,Willis,1
1426,fTrRBjQ3NkA,Helen,Palmer,0
1427,kOuclyemFA,Jacqueline,Schmidt,0
1428,40FCIgcNxvX,Alan,Wheeler,0
1429,dOoTk2uK,Elizabeth,Fox,0
1430,43cVDiAQP,Betty,Green,0
1431,UX5tTn5p3y,Joyce,Warren,0
1432,qmQZNyv1olvY,Paula,Davis,1
1433,5OK53bl,Victor,Simmons,0
1434,4QJBduHv,Shirley,Olson,1
1435,dWeL5Qyv,Frank,Hamilton,0
1436,W0LPpjfVIbb,Theresa,Gilbert,0
1437,SEEqvdF0hX,Julie,Boyd,1
1438,8Fzj69eeOvIx,Antonio,Ruiz,1
1439,BVbrSZ,Rose,Pierce,1
1440,H1EGWGI9q,Mildred,Mccoy,0
1441,3UDZSO,Raymond,Berry,0
1442,bNLyqTLiLHsi,Tina,Mitchell,0
1443,NVs8IX3,Jonathan,Berry,0
1444,luCVuKd,David,Woods,0
1445,5zaaD7zT,Edward,Frazier,0
1446,IQPCpFTK8Kv,Paula,Mason,1
1447,Fh7Jpt,Bonnie,Moore,1
1448,VK9hem,Pamela,Tucker,0
1449,zVfuJqwj8O,Stephanie,Fields,0
1450,Q9wL2oblaVI,Rebecca,Ramos,1
1451,1hh8Nhxe,Arthur,Woods,0
1452,OT6CxwY,Irene,Gordon,1
1453,rXKRYiR6meX,Elizabeth,Ross,1
1454,gp2VstoBH8hh,Benjamin,Fernandez,1
1455,svXAdqF,Andrea,Wallace,1
1456,0OryRC,Joseph,Wells,1
1457,VIWPFt,Annie,Franklin,1
1458,vRhM411QXc,Katherine,Wallace,1
1459,rd67WZFigM,Nicole,Gibson,0
1460,8ESCZedRojIy,Kelly,Fisher,0
1461,IAfkIgTY,Ryan,Burke,0
1462,9L79jCc789YW,Cynthia,Kelley,1
1463,FNmBgsPYR8z,Chris,Stanley,1
1464,J80ksbS,Billy,Hill,1
1465,M7wbd9,Andrea,Palmer,1
1466,TrbGFf4xrfsm,Christopher,Watkins,0
1467,RJZpkC7UNN,Amanda,Myers,0
1468,aEqJnQldwG,Adam,Hunter,1
1469,MPj71CA4InI,Louise,Edwards,1
1470,cniRpvlrV,Beverly,White,1
1471,V4eQeg,Michelle,Walker,0
1472,bgkfJtbrKE,Christopher,Daniels,0
1473,Lxbfaoomh,Emily,Gonzales,0
1474,EfQZvjFFR,Frank,Scott,1
1475,HgsjksKx7E,Jessica,Hunt,1
1476,CrT3etpIfsZZ,Shirley,Vasquez,0
1477,2ZHhfku3EfP,William,Fernandez,0
1478,IS1BcFGa,Christina,Murray,0
1479,mduaLQ4,Joan,Hicks,0
1480,deOOTc3Uu,Roy,Ruiz,1
1481,syrUka6,Ryan,Griffin,1
1482,vul8Khxxz2,Denise,Taylor,1
1483,TkL3JCVQ,Brian,Watkins,0
1484,784ci2G,Brian,Hudson,1
1485,hduAntcI1U,Ruth,Bennett,0
1486,zWKQ2B,Steve,Austin,0
1487,RGiTlt4R3d,Rose,Cruz,0
1488,h8iNh7KV,Rose,Fernandez,1
1489,vlUyJq93ZR,Jonathan,Gonzalez,0
1490,roJL4pmP2h,Judy,Sullivan,1
1491,rl3gn5CM,Janet,Freeman,1
1492,b3GzwnaVm,Wanda,Evans,1
1493,TL1xTbmYL7H,Alan,Chavez,1
1494,9VFot8LnF2u3,Walter,Fields,1
1495,yTcUizR8QTib,Kenneth,Carroll,0
1496,BvaCYQaRo2,Jerry,Garcia,0
1497,T1wDdG8HY,Eric,Stone,0
1498,ibYobs9v6lH,Joe,Adams,1
1499,iyPe8Zvn3O,Sean,Stanley,0
1500,DGJK6EwU,Walter,Carr,0
1501,y0aAzW77D,Thomas,Greene,0
1502,2YZobXBvoWeo,Paul,Wilson,0
1503,UFsTB6g,Paula,Perez,1
1504,1DrgAh,Nicole,Campbell,1
1505,FeHKgdzEzEB3,Cynthia,Woods,1
1506,N4STU8y9,Jonathan,Garcia,0
1507,h0ibbH,Fred,Stone,1
1508,HYGtuLIAvGTc,Wanda,Cruz,1
1509,twjmBL,Virginia,Reed,1
1510,y9SmQ4jbnGl,Jerry,Willis,0
1511,SjAMPcmywxE0,Annie,Wagner,1
1512,QEaQlKmV3,Kathy,Hicks,1
1513,VFKkmz,Harold,Simpson,0
1514,AbPfyzVjq8c,Craig,Jacobs,1
1515,ZWyfotWEZL,Carl,Bowman,0
1516,hwpNLL8,Craig,Cole,1
1517,jvDEhBmWqHOi,Anne,Hicks,1
1518,Uaxg8a,Melissa,Brown,0
1519,gp1l76RB,Shirley,Andrews,1
1520,1rDIMqU0WR,Robert,Robinson,1
1521,FRiOxZ,Randy,Foster,1
1522,QMyrFsKzY,Anne,Davis,0
1523,uC1mAY4NGQZn,Sara,Lopez,0
1524,Svp4wPq,Martin,Rice,0
1525,6kFR9WYDve,Craig,Perez,1
1526,4HGNJWM,Scott,Oliver,0
1527,Jw7cGr,Brian,Meyer,1
1528,G9Qh4II,Jane,Bryant,0
1529,hUcp9wrYx,Ryan,Coleman,0
1530,QFZLZW,Amy,Hughes,0
1531,aJCEf9TRtdBj,Michael,Johnston,0
1532,wFaVvwJ,George,Morgan,0
1533,ynt8apZqQRW,Harold,Mitchell,0
1534,CU4wgClF,Michelle,Robinson,0
1535,sL9uu9,Brenda,Simmons,0
1536,S2BWSy,Peter,Freeman,0
1537,QPVXq5,Martha,Richards,0
1538,4liWN1,Julia,Adams,0
1539,d893vT,Michelle,Wilson,1
1540,YWCls8mw6,Arthur,Stevens,0
1541,YzbSOLEy6B,Nicole,Rivera,0
1542,5QevJUI,Anthony,Austin,0
1543,oDaab7MH,Mary,Burke,1
1544,jjH7g1XOWqc,Janet,Snyder,1
1545,ikAU2Weuo,Bruce,Hunt,1
1546,6mhUGpiT4AI2,Frances,Harvey,0
1547,r9TKbqxI5,Catherine,Holmes,1
1548,rb4rCZO18,Michelle,Reid,0
1549,yF7itF5h,Patricia,Phillips,1
1550,dvWZtmOIxbfE,Irene,Russell,1
1551,TqUgPmw3FVoX,Nicholas,Campbell,0
1552,Mlzom7ZdMLZ6,Katherine,Johnson,0
1553,jSbie8,Roger,Jenkins,0
1554,JNgAJ0yM0GcB,Phillip,Carroll,0
1555,gDmUYpNM6cf,Joan,Hanson,0
1556,nBn756,Deborah,Hawkins,1
1557,4z6tXj7B,Scott,Arnold,1
1558,xBTP8sF,Nancy,Wilson,0
1559,xSdOZJ5,Brian,Gordon,0
1560,By1lPyN0f,William,Ray,1
1561,xoIgZI8k,Terry,Gray,0
1562,VJCbi7Xko8N7,Carolyn,Howell,0
1563,Kg0bHdP8,Arthur,Bowman,1
1564,Nn8MPvZG8O,Terry,Martinez,0
1565,qc4ML7kLAc,Mildred,Cruz,1
1566,LvrKPIDlcI,Bobby,Martin,0
1567,6yhI00,Alice,Peterson,1
1568,ozAh5gWTJ6Na,Phillip,Edwards,1
1569,N3Iy13KvXL4,Brian,Morrison,1
1570,N27dfKoPKQ,Raymond,Burns,1
1571,MOLhb2tV9fn,Amanda,Fernandez,1
1572,Vh3aZg3SE1CH,Margaret,Porter,1
1573,YMtEiUsmOr,Angela,Knight,1
1574,hijxxN,Lawrence,Butler,1
1575,GWLMJI,Barbara,Olson,0
1576,Nng75w96n,Sharon,Pierce,1
1577,qx1BxzJXh,Jane,Willis,1
1578,A1Tw2WHnv8P,Doris,Riley,0
1579,Qbv7PtsoAT,Jennifer,Burns,0
1580,a29qolcjeggA,Emily,Graham,1
1581,Ldz5OuTcNez,Diane,Hart,1
1582,gNUgcIins,David,Gibson,1
1583,zYpSIsJfDSU,Kelly,Green,1
1584,fJRpC3nPn4S,Pamela,Perkins,0
1585,8opv7w7,David,Mason,0
1586,5P5FzyhVnnI,Joyce,Watson,0
1587,2fz5pr,Kevin,Fisher,0
1588,qinHA0,Wayne,Watson,0
1589,3XPGcg,Teresa,Price,1
1590,gCZlhpy8EnD,Kathy,Sullivan,1
1591,5FklPPBvt9Ez,Joe,Nichols,0
1592,P9rNNQ,Jeffrey,Gardner,0
1593,q3SUaz,Nicholas,Gardner,1
1594,MeQ6Eg8D1Cq7,Jesse,Johnston,0
1595,5Eu831T4s,Michael,Schmidt,0
1596,IWKIX1,Amanda,Lawson,0
1597,sDh2oye,Thomas,Hanson,0
1598,ByCSVudNx7,Eugene,Nelson,0
1599,64Ksdqgl,Alice,Alexander,0
1600,SddpvGVDUBF,Kathryn,Reynolds,0
1601,MitoxYH,Philip,Howard,1
1602,k8ksWTCMPp,Diane,Robinson,0
1603,z1DckUC21lPK,Brandon,Taylor,0
1604,nW2hKoNkI,Emily,Allen,1
1605,mfZDgFFra,Alice,Warren,0
1606,Qu4RQe,Ernest,Garza,1
1607,k8wb1aYM,Cynthia,Fuller,1
1608,EFeXvD2OGAO,Lillian,Jones,1
1609,oDL4VQCGPoZc,Richard,Mason,1
1610,jjDgJavnnS,Doris,Ellis,1
1611,VOVonVlht9,Jack,Warren,0
1612,I8MqniTQoy,Gregory,Lawrence,0
1613,q04C9ZZgC,Jean,Stephens,0
1614,UnDQQo0oI,Ralph,Elliott,0
1615,X3uzElU,Steve,Dunn,1
1616,SQBhax,Roger,Roberts,0
1617,khk0bj,Kenneth,Roberts,1
1618,Gm0URK45i,Heather,Morgan,0
1619,KwOMvbioEi,Cynthia,Mendoza,1
1620,Z8K5a62As,Rose,Mcdonald,0
1621,IwNtXC6x0,Julia,Sullivan,1
1622,uGllCV1m,Carol,Wilson,1
1623,Ezo3NI,Steve,Arnold,0
1624,j7u76v4BDIS,Theresa,Wells,0
1625,xtq63YYUBG,Richard,Woods,1
1626,VxzvMv,David,Hayes,1
1627,cfhs5aB3pO,Michelle,Ortiz,1
1628,iLcp3gjKo,Michelle,Martin,1
1629,b3PqdXv,Donald,Burton,1
1630,D2p26GDzzO,Gloria,Green,1
1631,LKO56mfjQ,Phillip,Gray,0
1632,mhiFli3Wwb,Joseph,Crawford,0
1633,vSAPZX,Heather,Scott,0
1634,7YKiXQ,Irene,Riley,1
1635,F7af61H,Ruth,Lee,1
1636,S4xlolca,Evelyn,Shaw,1
1637,9OZeT8u3ZZp,Samuel,Graham,1
1638,iWsViz,Joyce,Reed,1
1639,uxmflA8X,Jerry,Sullivan,0
1640,BM3xcaKH,Douglas,Alexander,0
1641,kSIdO8,Joshua,Torres,1
1642,8IG8aBIsT5i,Joan,Phillips,0
1643,pZl8tTT,Raymond,Barnes,1
1644,5s44lV,Daniel,Wells,0
1645,P3yCXn,Marie,Matthews,0
1646,2zPleji,Albert,Gibson,1
1647,7ZZQgAMF,Sara,Snyder,0
1648,nkfiDTV4,Harold,Carter,0
1649,B10Gad1cVX,James,Bailey,1
1650,ssPHqaJcEQs,Jonathan,Lynch,0
1651,ImXvBc8wB,Denise,Schmidt,0
1652,hCeYDm,Randy,Freeman,0
1653,ntsyuuaZ9YcR,Martha,Cox,1
1654,ScjedOQuEgv,Alan,Thomas,1
1655,URZUFJi6TZ,Melissa,Pierce,1
1656,FzV5gRLeEJ,Roy,Weaver,0
1657,9r0Wn4gXu,Stephen,Phillips,0
1658,JwrWb8zJ,Kelly,Turner,0
1659,yiY7lgzyKlj,Marilyn,Lane,0
1660,V0Mk4S7YYw,Denise,Mills,0
1661,Iuu8rO9UT,Jeffrey,Hicks,1
1662,WNIr1SvTf,Anne,Jackson,1
1663,Aiqpntd,Kathy,Morales,1
1664,xVnXAQ,Norma,Gomez,1
1665,YbWjIJ,Craig,Bowman,1
1666,sP7vfTe7mRMY,Nicole,Mason,0
1667,qbxcXLZm,Cynthia,Perkins,1
1668,oOF8GP,Paula,Ortiz,0
1669,W5uSEIJ6lz,Laura,Edwards,1
1670,RZCTojkw,Karen,Jordan,0
1671,sflIRkr0zg,Gary,Mitchell,1
1672,d7ldYHs,Irene,Simmons,1
1673,kbhDlW6lH6W,Daniel,Hayes,1
1674,G2ncudoU,Chris,Mendoza,1
1675,Ozvxi1oS,Linda,Richardson,1
1676,daLR8q9,Janet,Ray,0
1677,lMpAYFK4Hw9,Karen,Phillips,1
1678,S6ppBM,Juan,Wagner,1
1679,nKUmRSunzT,Gerald,Larson,0
1680,4Z0u6RPvh,Lillian,Bryant,1
1681,rqMgMQPP1r,Samuel,Carter,0
1682,rB046s,Julie,Mccoy,0
1683,ZvbfEGzxXV,Donald,Reid,1
1684,7hBk1K,Sean,Cunningham,0
1685,C3FOQ0N4qj,Philip,Duncan,1
1686,tRKyKRFg,Eugene,Vasquez,0
1687,v4z3jNhuyNKU,Nancy,Carter,1
1688,FVbV5Hl,Sharon,Romero,0
1689,dyqXi5,Stephanie,Moore,0
1690,PqNGuz,Wanda,West,0
1691,kdforvi8M7pq,Jacqueline,Ruiz,0
1692,l4kgLmQ0Li,Joseph,Tucker,1
1693,PIjJD3a5,Jimmy,Thompson,0
1694,pXkoI35LE,Margaret,Lopez,0
1695,Gf0MhwuwRxw,Kenneth,Warren,1
1696,jCmxSwI,Mary,Harrison,0
1697,FB54B8VG,Frank,Watson,1
1698,4YjSqSFgAxpO,Kevin,Barnes,1
1699,4iOVS2OIo,Michelle,Garrett,0
1700,GX6DxYQEG,Stephen,Duncan,1
1701,KMQzfchy,Arthur,Wells,1
1702,c3fasC3,Julie,Ferguson,1
1703,3nisYpd,Heather,Andrews,1
1704,xegZNit,Stephanie,Hunter,1
1705,P9G9yL1336C,Eugene,Garcia,0
1706,peyDxWxXi5,Henry,Clark,0
1707,RVNr8WEs,Jason,Mcdonald,1
1708,UFgA48IQ,Stephanie,Gutierrez,1
1709,6QYUdGvauU,Carol,Jacobs,1
1710,BTP8oG,David,Watson,1
1711,IMEKFFfYZe,Melissa,Murphy,0
1712,z08S9ID4FS,Joyce,Hunter,0
1713,wN5HEaQ412Y2,Wanda,Garza,0
1714,5u4ddFxio1W,Annie,Scott,1
1715,sLBjd4A2UR,Lillian,Garrett,1
1716,jEdtQMLK,Bobby,Holmes,0
1717,VC9bklEOlRV,Carol,Price,0
1718,8Rf4JAKdC,Richard,Nichols,1
1719,FZEZzcPk0,Bobby,Murphy,0
1720,AtLsEuV,Sarah,Johnston,0
1721,AeGZ0l1b2cYm,Norma,Medina,1
1722,BA1a0YF0w,Nicholas,Harvey,1
1723,Qun6JitRTMH,Kevin,Gordon,0
1724,uvOSUB,Evelyn,Harvey,1
1725,yLDproHKt6O,Cheryl,Stanley,1
1726,v2VZXgSxI1,Julie,Holmes,1
1727,6YNyA7pf5,Gerald,Sullivan,1
1728,GVViWyzQXqM,Theresa,Cole,0
1729,2bYsf32z1Kx,Mildred,Martin,1
1730,guq8rqwCZp,Karen,King,0
1731,OFZ19W,Clarence,Hanson,1
1732,qAdqyQl6wgq,Ashley,Greene,0
1733,4ukYBTr,Brenda,Riley,1
1734,6gJNlyAF,Marilyn,Myers,0
1735,tDIgkXdq,Julia,Allen,1
1736,VtHTMrj,Jeremy,Long,0
1737,4zK5LL,Andrea,Chavez,0
1738,CyER0JVVn,Julia,Dixon,0
1739,4ajK1reFj1,Chris,Riley,1
1740,1mFHDjkAp,Jack,Stone,1
1741,1YS04PL,Willie,Kelley,1
1742,z1Bs94Q,Emily,Patterson,1
1743,hmjlu4zhNj,Billy,Bell,0
1744,kqvHFrr4C,Aaron,Graham,1
1745,NQd9NGZ,Eric,Ellis,0
1746,MTh5iD,Victor,Harvey,0
1747,eAWKE6A4Y6,Jesse,Morgan,0
1748,DfNLyjYN,Melissa,Lewis,1
1749,AnMrZ76lsp,Betty,Miller,1
1750,g7HGwSRvgZ,Bobby,Murray,0
1751,SnDZ0N5z,Ernest,Porter,1
1752,ajwtYu,Anne,Cooper,0
1753,uRRKI6hwxSp,Evelyn,Ryan,1
1754,Bkvif5K4li1,Robert,Brooks,0
1755,POwBG94fmvZ9,Gerald,Frazier,0
1756,Ok3pOw,Walter,Patterson,0
1757,1DOEVqdCJcd9,Joan,Burns,0
1758,32MsOtkA1Is,Brian,Hanson,1
1759,b0hx6xTMx,Albert,Richards,0
1760,dpdCB53x4rI,Kathy,Meyer,0
1761,lxTZedsXaH,Linda,Gardner,1
1762,9UEphzkEEA6c,Julia,Phillips,1
1763,x1m88Ux,Harold,Ruiz,0
1764,Szpn6mwK,Lois,Phillips,0
1765,WhykZHzP6ZJ,Emily,Shaw,1
1766,CVqfWrG,Michael,Simpson,0
1767,a5TJAz9JvfQx,Scott,Thomas,1
1768,NMwyYRg7,Patricia,Bishop,1
1769,qVHJBtPeBZx,Deborah,Meyer,1
1770,Xfwi3QPaT,Harold,Diaz,0
1771,ZemJ5g9SEbI,Howard,Wagner,1
1772,jCqtaP,Louise,Gonzales,0
1773,8Bo4Rtpc3L,Denise,Owens,0
1774,1PNHLTe,Lori,Mills,1
1775,uqDojgkYJC,Phyllis,Gibson,0
1776,TvW09N2rsfJ,Clarence,Taylor,1
1777,ddJHKB1f,Christopher,Smith,1
1778,Vc04Q2Y8sgbr,Deborah,Murphy,1
1779,ZCnl97Wsl,Phyllis,Bryant,0
1780,YBSo8Ki0Q,Jeffrey,Torres,1
1781,Y26XfT,Andrea,Reid,0
1782,uIVFbe,Brian,Frazier,0
1783,fT2jqcvXaHX,Donald,Collins,0
1784,BPulc0LvoH,Janet,Lawrence,1
1785,BK0Yfl8xY,Carolyn,Thompson,1
1786,zeVE1GbEQbT,Johnny,Walker,1
1787,nLUbnr4,Jacqueline,Grant,1
1788,N4lQx0Sw,Margaret,Cooper,0
1789,lXrlzDT4Fv,Anne,Stewart,1
1790,48FM6y4g,Mildred,Burton,1
1791,8dgj7SzniZb,Ryan,Kelly,1
1792,vdzNbx3S,Lois,Ryan,0
1793,fZzaRwBh5vma,Jennifer,Medina,0
1794,uXCsQK7yj2vB,George,Bryant,0
1795,jtBQG6mf7,Martin,Johnston,0
1796,6in503s,Jane,Edwards,1
1797,Q1Wfy1n,Jean,Fields,1
1798,xeQ6uauNelF,Judith,Meyer,0
1799,wtTigjrYNAg,Helen,Warren,0
1800,8mYCs0M,Chris,Hudson,1
1801,sJnAQVwK7k,Cheryl,Armstrong,1
1802,sfMUKkeGNfk,Julia,King,1
1803,U6IY4H,Jesse,Owens,0
1804,mUXzo4waHtHA,Bruce,Hudson,1
1805,mqmkwVn,Steve,Alvarez,0
1806,cthiHk2NLh9,Walter,Kelley,0
1807,jpL2Vi,Terry,Harris,0
1808,CGEFVhAu,Frank,Harris,0
1809,RjwkYlR,Stephanie,James,0
1810,GxVEPfZts41r,Pamela,James,1
1811,tYWCSYBmT9x,Frances,Turner,0
1812,P06M6Iz,Anna,Burns,0
1813,VRkbUOdVlx,Sean,Sanders,0
1814,xDlOwoN,Matthew,Martinez,1
1815,OFENhPcv2,Dorothy,Simmons,1
1816,kRoYtiwpq6,Harry,Howard,0
1817,zetu00CAX,Roy,Thomas,1
1818,UYCu3yxhz3I,Janet,King,1
1819,Dm7c7rYd,Tina,Sanchez,1
1820,SJllV0Pro,Bruce,Castillo,1
1821,WK6qoxo8gLOX,Samuel,Stephens,1
1822,lRy8XPCW,Phyllis,Boyd,0
1823,bunZjfNlS,Willie,Robinson,1
1824,FtMX6eYsAw1,Pamela,Wallace,1
1825,aw0def,Christopher,Kelly,1
1826,FFo5rXYmgw,Carolyn,Fuller,1
1827,BLIZsV6TxZb,Pamela,Welch,0
1828,t4pUC0,Kelly,Lane,0
1829,VDONJryw,Steve,Murphy,1
1830,pOYgA2QgVW,Wayne,Richards,1
1831,501wGIIQjX8,Christine,Armstrong,0
1832,nU48Kyf8Ot,Evelyn,Payne,0
1833,4i3EIK,Walter,Richardson,0
1834,tfaEAYd4W0k,Mark,Evans,0
1835,smGXc3zse,Victor,Hughes,1
1836,CD3fYLxWt,Earl,Flores,1
1837,TdQKdX,Betty,Perez,0
1838,mASjd3ouI,Amy,Campbell,0
1839,eJyifF,Jean,Howard,1
1840,BWrSVkKzNcqP,Donna,Payne,0
1841,p35hkCayN,Christine,Spencer,1
1842,aUiB8PmN,Ralph,Webb,0
1843,0BQ74xilLD65,Roger,Gardner,1
1844,2jJX5H,Anne,Gutierrez,1
1845,GseG1hItzgML,Norma,Wallace,0
1846,U1v22OR,Julie,Burke,0
1847,7JuSqMOktsT,Beverly,Thompson,0
1848,qDrROhhk,Jane,Walker,1
1849,pKpJxfSC06bS,Terry,Bradley,1
1850,19JdZ9g,Nicole,Hansen,1
1851,UyCh86u6,Ralph,Jordan,0
1852,7Itw2d,Ruth,Barnes,1
1853,ZawaFisumx,Emily,Mcdonald,0
1854,WXECE9Pajtn,Henry,Jackson,0
1855,SQDEqpS,Doris,Green,1
1856,1wu32D3R,Russell,Lynch,0
1857,3cHAGjQwFWI,Pamela,Meyer,1
1858,MOEWgMDi69G3,Jeffrey,Rivera,1
1859,uA78aUfAcpmm,Karen,Stevens,0
1860,GIahmuBdu,Todd,Montgomery,0
1861,8OdIRrwz0,Kelly,Fields,0
1862,9pdwT8rPGWA,Carol,Knight,1
1863,sOuqZer,Kathryn,Wells,1
1864,eenxwHLwOyQZ,Gregory,Hansen,0
1865,idbYFzk,Eugene,Long,1
1866,IZfcpv,Frank,Ross,0
1867,RyrxBUWYh,Ronald,Lynch,1
1868,f3DwurJ,Earl,Smith,0
1869,LHpcnc2cjL,Kevin,Diaz,0
1870,k6hSVssCTG,Kathryn,Moreno,0
1871,SzvxdVQvk,Russell,Morales,0
1872,KNtjM4jHyQ6,Willie,Weaver,1
1873,GSF5f2,Kimberly,Andrews,0
1874,8EumcC0P4Y,Douglas,King,1
1875,iyb1Xfg,Nicole,Burns,0
1876,GUV3kJ0v,Robert,Fisher,0
1877,x982vwZQ,Daniel,Robertson,1
1878,fI4yD51Ky,Jimmy,Burke,1
1879,2JR2Zb,Roger,Perry,1
1880,xAxQxltYnrWt,Edward,Carroll,1
1881,vClKnoWrd0,Eugene,Banks,0
1882,UXQEoL8H,Lawrence,Day,1
1883,f8UICO,Jonathan,Hart,1
1884,xQKuPtYJo,Jessica,Vasquez,1
1885,X2LOTU2d8fKn,Arthur,Oliver,0
1886,6gVgbLvFPA,Howard,Chavez,1
1887,Qw6ggrJ,Richard,Grant,1
1888,BLl6k5v5PS,Frank,Simpson,0
1889,5b7s05v,Gregory,Coleman,0
1890,L4DEO6QSyd5,Dennis,Ferguson,0
1891,0CPffMml,Stephanie,Phillips,0
1892,ui4lRfNrqp,Jeffrey,Scott,1
1893,QNDIndIQG,Amanda,Arnold,0
1894,JZ1zJm,Joshua,Hamilton,0
1895,rDfPaz6YNpnG,Fred,Lewis,0
1896,9anasZ6z,Michelle,Henry,0
1897,7kKrZm,Kathy,Hernandez,1
1898,C6snSPcT,Nancy,Rose,0
1899,s7TorlqBW,Marie,Rodriguez,1
1900,BFILvM8a3,Adam,Jordan,0
1901,8m5d3YR1giVQ,Sean,Sanders,1
1902,pHpefvIJR,Donna,Campbell,0
1903,qQi7lPPpX3A,Anne,Knight,1
1904,kFLk9E54gqD,Mildred,Mcdonald,0
1905,EjL1U6ms,Jeremy,Lane,0
1906,EOFVKvHbE,Carl,Sims,0
1907,18XyqXCj,Antonio,Gonzalez,1
1908,3zNO58F6JLW,Betty,Bell,1
1909,2zp20opFZ,Stephen,Franklin,1
1910,YxeD9J,Debra,Harper,1
1911,4o0BpG2S,Albert,Mitchell,0
1912,mldFWvneb,Raymond,Chapman,1
1913,OHJdCCi5l5,Katherine,Reyes,0
1914,BArs3X1fZyF,William,Hernandez,1
1915,C3x7F4BbY,Eugene,Carr,1
1916,fHqWHk4IVXdA,Paul,Lawrence,0
1917,9xuBoLH1vxKu,Annie,Wood,0
1918,oUiWud1kX,Willie,Ramirez,0
1919,ll8FdvG8luzn,Eugene,Phillips,0
1920,4MiFWC,Irene,Burns,0
1921,C1z05Zlhml,Elizabeth,Lopez,1
1922,KSYwralrpj7z,Lillian,Dunn,1
1923,gX9AVPGQ,Wanda,Gutierrez,0
1924,OzTWsVM,Joan,Mitchell,1
1925,A6SoKyN9v,Andrea,Gomez,1
1926,F6D9WR9p,Helen,Weaver,0
1927,l0RB0P8nF8lG,Judith,Ortiz,1
1928,7iQ2oR1tf7F,Jason,Martinez,0
1929,MEhp69c9Sy,Roger,Bennett,0
1930,rIBlBmk,Beverly,Kim,1
1931,Qv1iwLGPXH,Rose,Mendoza,0
1932,NvO8JmE32Cf,Gloria,Tucker,1
1933,pVSJNx17Wp,Julie,Perkins,1
1934,1nFPJf,Susan,Henry,0
1935,CVn0MvdX1k,Tammy,Nichols,1
1936,hgfSXq,Antonio,Harper,1
1937,UVnYBTpGLX,Charles,Cox,1
1938,O5siV1SHjOBf,Andrew,Phillips,0
1939,RoWfJQecGOES,Ryan,Lewis,1
1940,l1o2wmxOZEd,Jean,Riley,1
1941,oO09WqxDA,Kimberly,Alexander,0
1942,tQjdBKl8p,Marie,Barnes,1
1943,OymNDIy,Theresa,Cunningham,1
1944,xt8iZTpq9VTH,Brenda,Kelly,1
1945,BUX5SN3176is,Earl,Patterson,1
1946,iq8aoaeY1HXb,Wanda,Bryant,0
1947,RvwSbqH,Robert,Sanders,1
1948,Mq86fsA7y8CZ,Adam,Stone,1
1949,EJiXluOPc,Carl,Morrison,1
1950,FlbZcOgJ5DU,Harry,Willis,1
1951,mqt4GrpaS,Kathryn,Rose,1
1952,KNs3LkHt,Steve,Turner,0
1953,kmpEbnlW,James,Kim,0
1954,y4qxqtwQuYq,Stephanie,Carpenter,0
1955,CHcLkLIB,Carol,Williams,1
1956,TduTGiTll1G,Peter,Ramirez,0
1957,CpK7xdgJ,Norma,Turner,0
1958,hyf4TVrig3P,Irene,Cook,0
1959,RyMFhBNdq4q,Paul,Hunter,0
1960,fWUX9PXxl,Kathleen,Fields,1
1961,V3MGV7j5,Daniel,Long,0
1962,o5Mbit,Ronald,Marshall,1
1963,oNL4GDB982za,Martha,Fuller,1
1964,CwHt2t0F,Phyllis,Hudson,1
1965,B62SnDZSMZt,Bruce,Snyder,1
1966,gCvgl1S,Frank,Turner,0
1967,ZO0Hk4wHd,Lawrence,Wood,1
1968,AVxYvcOmn,Ernest,Ortiz,0
1969,NKw21CcsMJ,Jesse,Fowler,1
1970,MAKMwZsv,Daniel,Collins,0
1971,83sIFT,Beverly,Bishop,0
1972,aJWZM669,Jimmy,Fuller,1
1973,fsLFOz,Ronald,Lawson,1
1974,R3iSWvDe,Juan,Banks,1
1975,qaEXd58C2ARM,Gerald,Carr,1
1976,mLQCLeiiurj,Virginia,Chapman,0
1977,UsJHnTCx,Mildred,Armstrong,0
1978,pYIhqeL,Shirley,Mcdonald,1
1979,pNiJ6IY3zJ,Benjamin,Harrison,0
1980,ArK0LhyfZd7x,Scott,Matthews,1
1981,2JDGilB92Ot1,Ronald,Bryant,0
1982,KJ8NBVyE,Patricia,Ferguson,0
1983,rziwN2,Keith,Tucker,1
1984,QItGO0xHnQ3O,Janet,Gordon,1
1985,gSHyvWvP5dW,Randy,Payne,1
1986,XSXcbE4gLkP,Jerry,Garcia,1
1987,sibqRJ6,Roy,Montgomery,1
1988,nTdsaP,Martha,Rogers,0
1989,x0ZcrEtXZAbF,Frank,Fox,1
1990,cHlhdE,Emily,Alvarez,1
1991,lObNnIQj6R,Patrick,Garcia,0
1992,5MLU53Q0A3B,Sharon,Hicks,1
1993,6xbD9ovfDgg,Clarence,Nguyen,1
1994,nLUZd7ppgg,Douglas,Lane,0
1995,a3LWV1S,William,Bennett,1
1996,aCef4IS2K3Q,Clarence,Myers,1
1997,0FsYF7ga9m4,Alice,Long,1
1998,UIQ7B5gTB,Rose,Rivera,1
1999,jBLuyJG,Earl,Bell,0
2000,TENHBAZk,Donna,Carter,1
